id,condo_name-EN,rent_price,sale_price,bedroom,bath,size (sq.m),floor,agent_post,accept_agent,title,description,photo1,Aircon,Bath tub,Electric stove,Furniture,Gas stove,Refrigerator,Washing machine,Water heater
1,Chapter One Eco Ratchada-Huai Khwang,"15,000",0,0,1,28,12,TRUE,TRUE,‡πÉ‡∏´‡πâ‡πÄ‡∏ä‡πà‡∏≤ 1 ‡∏´‡πâ‡∏≠‡∏á‡∏ô‡∏≠‡∏ô ‡∏ï‡∏Å‡πÅ‡∏ï‡πà‡∏á‡∏û‡∏£‡πâ‡∏≠‡∏°‡∏≠‡∏¢‡∏π‡πà ‡∏¢‡∏±‡∏á‡πÑ‡∏°‡πà‡πÄ‡∏Ñ‡∏¢‡∏°‡∏µ‡∏Ñ‡∏ô‡πÄ‡∏ä‡πà‡∏≤ ‡∏¢‡∏¥‡∏ô‡∏î‡∏µ‡∏£‡∏±‡∏ö‡πÇ‡∏Ñ‡πÄ‡∏≠‡πÄ‡∏à‡πâ‡∏ô‡∏ó‡πå‡πÉ‡∏´‡πâ‡πÄ‡∏ä‡πà‡∏≤ 1 ‡∏´‡πâ‡∏≠‡∏á‡∏ô‡∏≠‡∏ô ‡∏ï‡∏Å‡πÅ‡∏ï‡πà‡∏á‡∏û‡∏£‡πâ‡∏≠‡∏°‡∏≠‡∏¢‡∏π‡πà ‡∏¢‡∏±‡∏á‡πÑ‡∏°‡πà‡πÄ‡∏Ñ‡∏¢‡∏°‡∏µ‡∏Ñ‡∏ô‡πÄ‡∏ä‡πà‡∏≤ ‡∏¢‡∏¥‡∏ô‡∏î‡∏µ‡∏£‡∏±‡∏ö‡πÇ‡∏Ñ‡πÄ‡πÉ‡∏´‡πâ‡πÄ‡∏ä‡πà‡∏≤ 1 ‡∏´‡πâ‡∏≠‡∏á‡∏ô‡∏≠‡∏ô ‡∏ï‡∏Å‡πÅ‡∏ï‡πà‡∏á‡∏û‡∏£‡πâ‡∏≠‡∏°‡∏≠‡∏¢‡∏π‡πà ‡∏¢‡∏±‡∏á‡πÑ‡∏°‡πà‡πÄ‡∏Ñ‡∏¢‡∏°‡∏µ‡∏Ñ‡∏ô‡πÄ‡∏ä‡πà‡∏≤ ‡∏¢‡∏¥‡∏ô‡∏î‡∏µ‡∏£‡∏±‡∏ö‡πÇ‡∏Ñ‡πÄ‡πÉ‡∏´‡πâ‡πÄ‡∏ä‡πà‡∏≤ 1 ‡∏´‡πâ‡∏≠‡∏á‡∏ô‡∏≠‡∏ô ‡∏ï‡∏Å‡πÅ‡∏ï‡πà‡∏á‡∏û‡∏£‡πâ‡∏≠‡∏°‡∏≠‡∏¢‡∏π‡πà ‡∏¢‡∏±‡∏á‡πÑ‡∏°‡πà‡πÄ‡∏Ñ‡∏¢‡∏°‡∏µ‡∏Ñ‡∏ô‡πÄ‡∏ä‡πà‡∏≤ ‡∏¢‡∏¥‡∏ô‡∏î‡∏µ‡∏£‡∏±‡∏ö‡πÇ‡∏Ñ‡πÄ‡πÉ‡∏´‡πâ‡πÄ‡∏ä‡πà‡∏≤ 1 ‡∏´‡πâ‡∏≠‡∏á‡∏ô‡∏≠‡∏ô ‡∏ï‡∏Å‡πÅ‡∏ï‡πà‡∏á‡∏û‡∏£‡πâ‡∏≠‡∏°‡∏≠‡∏¢‡∏π‡πà ‡∏¢‡∏±‡∏á‡πÑ‡∏°‡πà‡πÄ‡∏Ñ‡∏¢‡∏°‡∏µ‡∏Ñ‡∏ô‡πÄ‡∏ä‡πà‡∏≤ ‡∏¢‡∏¥‡∏ô‡∏î‡∏µ‡∏£‡∏±‡∏ö‡πÇ‡∏Ñ‡πÄ,‡∏´‡πâ‡∏≠‡∏á‡πÉ‡∏´‡∏°‡πà‡πÄ‡∏≠‡∏µ‡πà‡∏¢‡∏° ‡πÉ‡∏´‡πâ‡πÄ‡∏ä‡πà‡∏≤‡∏û‡∏£‡πâ‡∏≠‡∏°‡πÄ‡∏ü‡∏≠‡∏£‡πå‡∏ô‡∏¥‡πÄ‡∏à‡∏≠‡∏£‡πå ‡πÄ‡∏Ñ‡∏£‡∏∑‡πà‡∏≠‡∏á‡πÉ‡∏ä‡πâ‡πÑ‡∏ü‡∏ü‡πâ‡∏≤ ‡πÄ‡∏ï‡∏µ‡∏¢‡∏á ‡πÇ‡∏ã‡∏ü‡∏≤ ‡πÄ‡∏Ñ‡∏£‡∏∑‡πà‡∏≠‡∏á‡∏õ‡∏£‡∏±‡∏ö‡∏≠‡∏≤‡∏Å‡∏≤‡∏® ‡πÄ‡∏Ñ‡∏£‡∏∑‡πà‡∏≠‡∏á‡∏ã‡∏±‡∏Å‡∏ú‡πâ‡∏≤ ‡πÄ‡∏Ñ‡∏£‡∏∑‡πà‡∏≠‡∏á‡∏ó‡∏≥‡∏ô‡πâ‡∏≥‡∏£‡πâ‡∏≠‡∏ô ‡πÄ‡∏Ñ‡∏£‡∏∑‡πà‡∏≠‡∏á‡∏Å‡∏£‡∏≠‡∏á‡∏ô‡πâ‡∏≥ ‡πÑ‡∏°‡πÇ‡∏Ñ‡∏£‡πÄ‡∏ß‡∏ü ‡∏°‡∏±‡∏î‡∏à‡∏≥‡∏´‡πâ‡∏≠‡∏á2‡πÄ‡∏î‡∏∑‡∏≠‡∏ô,https://storage.googleapis.com/m8-prod.appspot.com/images_condo/08_06_2020_15_00_27_tn_Aof.jpg,TRUE,,TRUE,TRUE,,TRUE,,
2,Chambers Chaan Ladprao-Wanghin,"20,000","5,000,000",2,1,53,9,TRUE,FALSE,‡πÉ‡∏´‡πâ‡πÄ‡∏ä‡πà‡∏≤ ‡∏Ñ‡∏≠‡∏ô‡πÇ‡∏î 40‡∏ï‡∏£‡∏°. ‡∏ï‡∏Å‡πÅ‡∏ï‡πà‡∏á‡∏Ñ‡∏£‡∏ö ‡∏û‡∏£‡πâ‡∏≠‡∏°‡∏≠‡∏¢‡∏π‡πà ‡πÄ‡∏•‡∏µ‡πâ‡∏¢‡∏á‡∏™‡∏±‡∏ï‡∏ß‡πå‡πÄ‡∏•‡πá‡∏Å‡πÑ‡∏î‡πâ ‡πÄ‡∏î‡∏¥‡∏ô‡∏ó‡∏≤‡∏á‡∏™‡∏∞‡∏î‡∏ß‡∏Å ‡πÄ‡∏à‡πâ‡∏≤‡∏Ç‡∏≠‡∏á‡∏õ‡∏•‡πà‡∏≠‡∏¢‡πÄ‡∏≠‡∏á ‡∏õ‡∏£‡∏∂‡∏Å‡∏©‡∏≤‡πÑ‡∏î‡πâ,"üìåüìåüìå ‡∏õ‡∏•‡πà‡∏≠‡∏¢‡πÄ‡∏ä‡πà‡∏≤ ‡∏õ‡∏•‡πà‡∏≠‡∏¢‡∏Ç‡∏≤‡∏¢‡∏Ñ‡∏≠‡∏ô‡πÇ‡∏î Chambers Chaan Ladprao-Wanghin ‡∏™‡∏£‡πâ‡∏≤‡∏á‡πÄ‡∏™‡∏£‡πá‡∏à‡∏õ‡∏µ 2017
2 ‡∏´‡πâ‡∏≠‡∏á‡∏ô‡∏≠‡∏ô 1 ‡∏´‡πâ‡∏≠‡∏á‡∏ô‡πâ‡∏≥
‡∏Ç‡∏ô‡∏≤‡∏î‡∏´‡πâ‡∏≠‡∏á 40.81 ‡∏ï‡∏£‡∏°. ‡∏ä‡∏±‡πâ‡∏ô 2 ‡∏ß‡∏¥‡∏ß‡∏™‡∏ß‡∏ô (‡∏´‡πâ‡∏≠‡∏á‡∏£‡∏¥‡∏°)
(‡∏ó‡∏±‡πâ‡∏á‡∏ä‡∏±‡πâ‡∏ô‡∏°‡∏µ‡πÅ‡∏Ñ‡πà 5 ‡∏´‡πâ‡∏≠‡∏á private ‡∏™‡∏∏‡∏î‡πÜ)
‡∏•‡∏≤‡∏Å‡∏Å‡∏£‡∏∞‡πÄ‡∏õ‡πã‡∏≤‡∏û‡∏£‡πâ‡∏≠‡∏°‡πÄ‡∏Ç‡πâ‡∏≤‡∏≠‡∏¢‡∏π‡πà‡∏™‡∏¥‡πâ‡∏ô‡∏õ‡∏µ‡∏ô‡∏µ‡πâ‡πÑ‡∏î‡πâ‡πÄ‡∏•‡∏¢

‡∏™‡∏±‡∏ç‡∏ç‡∏≤‡πÄ‡∏ä‡πà‡∏≤ 1 ‡∏õ‡∏µ
‡πÄ‡∏á‡∏¥‡∏ô‡∏Ñ‡πà‡∏≤‡∏õ‡∏£‡∏∞‡∏Å‡∏±‡∏ô 2 ‡πÄ‡∏î‡∏∑‡∏≠‡∏ô ‡∏•‡πà‡∏ß‡∏á‡∏´‡∏ô‡πâ‡∏≤ 1 ‡πÄ‡∏î‡∏∑‡∏≠‡∏ô

‡∏ï‡∏Å‡πÅ‡∏ï‡πà‡∏á‡πÄ‡∏ü‡∏≠‡∏£‡πå‡∏ô‡∏¥‡πÄ‡∏à‡∏≠‡∏£‡πå‡πÅ‡∏•‡∏∞‡πÄ‡∏Ñ‡∏£‡∏∑‡πà‡∏≠‡∏á‡πÉ‡∏ä‡πâ‡πÑ‡∏ü‡∏ü‡πâ‡∏≤‡∏Ñ‡∏£‡∏ö
- ‡πÄ‡∏Ñ‡∏£‡∏∑‡πà‡∏≠‡∏á‡∏õ‡∏£‡∏±‡∏ö‡∏≠‡∏≤‡∏Å‡∏≤‡∏® 2 ‡πÄ‡∏Ñ‡∏£‡∏∑‡πà‡∏≠‡∏á
- TV 45""
- ‡πÄ‡∏Ñ‡∏£‡∏∑‡πà‡∏≠‡∏á‡∏ã‡∏±‡∏Å‡∏ú‡πâ‡∏≤
- ‡∏ï‡∏π‡πâ‡πÄ‡∏¢‡πá‡∏ô
- ‡πÑ‡∏°‡πÇ‡∏Ñ‡∏£‡πÄ‡∏ß‡∏ü
- ‡πÄ‡∏Ñ‡∏£‡∏∑‡πà‡∏≠‡∏á‡∏ó‡∏≥‡∏ô‡πâ‡∏≥‡∏≠‡∏∏‡πà‡∏ô
- ‡πÄ‡∏ï‡∏≤‡πÑ‡∏ü‡∏ü‡πâ‡∏≤ + ‡πÄ‡∏Ñ‡∏£‡∏∑‡πà‡∏≠‡∏á‡∏î‡∏π‡∏î‡∏Ñ‡∏ß‡∏±‡∏ô
- ‡πÄ‡∏ü‡∏≠‡∏£‡πå‡∏ô‡∏¥‡πÄ‡∏à‡∏≠‡∏£‡πå‡∏Ñ‡∏£‡∏ö

‡∏™‡∏¥‡πà‡∏á‡∏≠‡∏≥‡∏ô‡∏ß‡∏¢‡∏Ñ‡∏ß‡∏≤‡∏°‡∏™‡∏∞‡∏î‡∏ß‡∏Å
- ‡∏•‡∏¥‡∏ü‡∏ó‡πå
- ‡∏ó‡∏µ‡πà‡∏à‡∏≠‡∏î‡∏£‡∏ñ
- ‡∏™‡∏£‡∏∞‡∏ß‡πà‡∏≤‡∏¢‡∏ô‡πâ‡∏≥
- ‡∏ü‡∏¥‡∏ï‡πÄ‡∏ô‡∏™
- ‡∏™‡∏ß‡∏ô‡∏´‡∏¢‡πà‡∏≠‡∏°
- ‡∏£‡∏∞‡∏ö‡∏ö‡∏£‡∏±‡∏Å‡∏©‡∏≤‡∏Ñ‡∏ß‡∏≤‡∏°‡∏õ‡∏•‡∏≠‡∏î‡∏†‡∏±‡∏¢ 24 ‡∏ä‡∏±‡πà‡∏ß‡πÇ‡∏°‡∏á
- CCTV
- Key card

‡∏™‡∏ñ‡∏≤‡∏ô‡∏ó‡∏µ‡πà‡∏™‡∏≥‡∏Ñ‡∏±‡∏ç‡πÉ‡∏Å‡∏•‡πâ‡πÄ‡∏Ñ‡∏µ‡∏¢‡∏á
- Lotus ‡∏ß‡∏±‡∏á‡∏´‡∏¥‡∏ô
- The Jazz
- ‡πÅ‡∏°‡πá‡∏Ñ‡πÇ‡∏Ñ‡∏£
- ‡∏û‡∏•‡πà‡∏≤‡∏ã‡πà‡∏≤ ‡∏•‡∏≤‡∏Å‡∏π‡∏ô
- Central East ville
- ‡πÇ‡∏£‡∏á‡∏û‡∏¢‡∏≤‡∏ö‡∏≤‡∏•‡πÄ‡∏õ‡∏≤‡πÇ‡∏•‡πÇ‡∏ä‡∏Ñ‡∏ä‡∏±‡∏¢ 4
- ‡∏°‡∏´‡∏≤‡∏ß‡∏¥‡∏ó‡∏¢‡∏≤‡∏•‡∏±‡∏¢‡πÄ‡∏Å‡∏©‡∏ï‡∏£‡∏®‡∏≤‡∏™‡∏ï‡∏£‡πå
- ‡∏°‡∏´‡∏≤‡∏ß‡∏¥‡∏ó‡∏¢‡∏≤‡∏•‡∏±‡∏¢‡∏£‡∏≤‡∏ä‡∏†‡∏±‡∏é‡∏à‡∏±‡∏ô‡∏ó‡∏£‡πÄ‡∏Å‡∏©‡∏°
- ‡∏°‡∏´‡∏≤‡∏•‡∏±‡∏¢‡∏®‡∏£‡∏µ‡∏õ‡∏ó‡∏∏‡∏°",https://storage.googleapis.com/m8-prod.appspot.com/images_condo/09_06_2020_03_43_02_tn_Tan.jpg,TRUE,TRUE,TRUE,TRUE,,TRUE,TRUE,
3,iCondo the Campus Salaya,"14,000",0,1,1,33,24,FALSE,TRUE,‡πÉ‡∏´‡πâ‡πÄ‡∏ä‡πà‡∏≤‡∏Ñ‡∏≠‡∏ô‡πÇ‡∏î‡∏û‡∏£‡πâ‡∏≠‡∏°‡∏≠‡∏¢‡∏π‡πà ‡πÉ‡∏Å‡∏•‡πâ ‡∏°.‡∏°‡∏´‡∏¥‡∏î‡∏• ‡πÅ‡∏ß‡∏î‡∏•‡πâ‡∏≠‡∏°‡∏î‡πâ‡∏ß‡∏¢‡∏ò‡∏£‡∏£‡∏°‡∏ä‡∏≤‡∏ï‡∏¥ ‡∏™‡∏¥‡πà‡∏á‡∏≠‡∏≥‡∏ô‡∏ß‡∏¢‡∏Ñ‡∏ß‡∏≤‡∏°‡∏™‡∏∞‡∏î‡∏ß‡∏Å‡∏Ñ‡∏£‡∏ö‡∏Ñ‡∏£‡∏±‡∏ô ‡∏≠‡∏≤‡∏ó‡∏¥ ‡∏†‡∏≤‡∏¢‡πÉ‡∏ô‡∏´‡πâ‡∏≠‡∏á‡∏°‡∏µ‡πÄ‡∏Ñ‡∏£‡∏∑‡πà‡∏≠‡∏á‡πÉ‡∏ä‡πâ‡πÑ‡∏ü‡∏ü‡πâ‡∏≤‡∏Ñ‡∏£‡∏ö ‡πÄ‡∏õ‡πá‡∏ô‡∏´‡πâ‡∏≠‡∏á‡∏°‡∏∏‡∏° ‡∏ß‡∏¥‡∏ß‡∏™‡∏ß‡∏¢,‡πÉ‡∏´‡πâ‡πÄ‡∏ä‡πà‡∏≤‡∏Ñ‡∏≠‡∏ô‡πÇ‡∏î‡∏û‡∏£‡πâ‡∏≠‡∏°‡∏≠‡∏¢‡∏π‡πà ‡πÑ‡∏≠ ‡∏Ñ‡∏≠‡∏ô‡πÇ‡∏î ‡πÄ‡∏î‡∏≠‡∏∞‡πÅ‡∏Ñ‡∏°‡∏õ‡∏±‡∏™ ‡∏®‡∏≤‡∏•‡∏≤‡∏¢‡∏≤ ‡πÉ‡∏Å‡∏•‡πâ ‡∏°.‡∏°‡∏´‡∏¥‡∏î‡∏• ‡πÅ‡∏ß‡∏î‡∏•‡πâ‡∏≠‡∏°‡∏î‡πâ‡∏ß‡∏¢‡∏ò‡∏£‡∏£‡∏°‡∏ä‡∏≤‡∏ï‡∏¥ ‡∏™‡∏¥‡πà‡∏á‡∏≠‡∏≥‡∏ô‡∏ß‡∏¢‡∏Ñ‡∏ß‡∏≤‡∏°‡∏™‡∏∞‡∏î‡∏ß‡∏Å‡∏Ñ‡∏£‡∏ö‡∏Ñ‡∏£‡∏±‡∏ô ‡∏≠‡∏≤‡∏ó‡∏¥ ‡∏™‡∏£‡∏∞‡∏ß‡πà‡∏≤‡∏¢‡∏ô‡πâ‡∏≥ ‡∏ü‡∏¥‡∏ï‡πÄ‡∏ô‡∏™ ‡∏™‡∏ß‡∏ô‡∏™‡πà‡∏ß‡∏ô‡∏Å‡∏•‡∏≤‡∏á ‡∏†‡∏≤‡∏¢‡πÉ‡∏ô‡∏´‡πâ‡∏≠‡∏á‡∏°‡∏µ‡πÄ‡∏Ñ‡∏£‡∏∑‡πà‡∏≠‡∏á‡πÉ‡∏ä‡πâ‡πÑ‡∏ü‡∏ü‡πâ‡∏≤‡∏Ñ‡∏£‡∏ö ‡πÄ‡∏õ‡πá‡∏ô‡∏´‡πâ‡∏≠‡∏á‡∏°‡∏∏‡∏° ‡∏ß‡∏¥‡∏ß‡∏™‡∏ß‡∏¢‡∏°‡∏≠‡∏á‡πÄ‡∏´‡πá‡∏ô‡∏™‡∏ô‡∏≤‡∏°‡∏Å‡∏≠‡∏•‡πå‡∏ü ‡∏•‡∏≤‡∏Å‡∏Å‡∏£‡∏∞‡πÄ‡∏õ‡πã‡∏≤‡πÄ‡∏Ç‡πâ‡∏≤‡∏≠‡∏¢‡∏π‡πà‡πÑ‡∏î‡πâ‡πÄ‡∏•‡∏¢‡∏™‡∏ô‡πÉ‡∏à‡∏ï‡∏¥‡∏î‡∏ï‡πà‡∏≠ 093-140-8910,https://storage.googleapis.com/m8-prod.appspot.com/images_condo/04_06_2020_16_36_17_tn_Mananya.jpg,,TRUE,,,TRUE,,,
4,Regent Home 18,"7,500",0,1,1,45,10,TRUE,TRUE,‡∏£‡∏µ‡πÄ‡∏à‡∏ô‡∏ó‡πå‡πÇ‡∏Æ‡∏° 18 ‡∏ï‡∏∂‡∏Å E ‡∏û‡∏£‡πâ‡∏≠‡∏°‡πÄ‡∏ü‡∏≠‡∏£‡πå‡∏ô‡∏¥‡πÄ‡∏à‡∏≠‡∏£‡πå ‡∏´‡πà‡∏≤‡∏á‡∏™‡∏ñ‡∏≤‡∏ô‡∏µ‡∏£‡∏ñ‡πÑ‡∏ü‡∏ü‡πâ‡∏≤‡∏ß‡∏±‡∏î‡∏û‡∏£‡∏∞‡∏®‡∏£‡∏µ‡∏°‡∏´‡∏≤‡∏ò‡∏≤‡∏ï‡∏∏‡πÄ‡∏û‡∏µ‡∏¢‡∏á 150 ‡∏°. ‡πÄ‡∏¢‡∏∑‡πâ‡∏≠‡∏á ‡∏°.‡∏£‡∏≤‡∏ä‡∏†‡∏±‡∏é‡∏û‡∏£‡∏∞‡∏ô‡∏Ñ‡∏£ ‡∏Å‡∏≤‡∏£‡πÄ‡∏î‡∏¥‡∏ô‡∏ó‡∏≤‡∏á‡∏™‡∏∞‡∏î‡∏ß‡∏Å,‡∏´‡πâ‡∏≠‡∏á‡∏ï‡∏Å‡πÅ‡∏ï‡πà‡∏á‡∏û‡∏£‡πâ‡∏≠‡∏°‡πÄ‡∏ü‡∏≠‡∏£‡πå‡∏ô‡∏¥‡πÄ‡∏à‡∏≠‡∏£‡πå ‡∏´‡πâ‡∏≠‡∏á‡∏£‡∏±‡∏ö‡πÅ‡∏Ç‡∏Å‡∏Å‡∏±‡πâ‡∏ô‡πÅ‡∏¢‡∏Å‡∏™‡πà‡∏ß‡∏ô‡∏Å‡∏±‡∏ö‡∏´‡πâ‡∏≠‡∏á‡∏ô‡∏≠‡∏ô ‡∏°‡∏µ‡∏´‡πâ‡∏≠‡∏á‡∏Ñ‡∏£‡∏±‡∏ß ‡πÅ‡∏•‡∏∞‡∏£‡∏∞‡πÄ‡∏ö‡∏µ‡∏¢‡∏á‡∏î‡πâ‡∏≤‡∏ô‡∏ô‡∏≠‡∏Å ‡∏™‡∏±‡∏ç‡∏ç‡∏≤ 1 ‡∏õ‡∏µ ‡πÄ‡∏´‡∏°‡∏≤‡∏∞‡∏Å‡∏±‡∏ö‡∏ß‡∏±‡∏¢‡∏ó‡∏≥‡∏á‡∏≤‡∏ô ‡πÅ‡∏•‡∏∞‡∏ô‡∏±‡∏Å‡∏®‡∏∂‡∏Å‡∏©‡∏≤,https://storage.googleapis.com/m8-prod.appspot.com/images_condo/08_06_2020_14_13_39_tn_99.jpg,,TRUE,TRUE,,TRUE,,,TRUE
5,Shady32 : Room for rent Ratchada32,"6,000",0,1,1,39,10,TRUE,TRUE,‡∏´‡πâ‡∏≠‡∏á‡∏û‡∏±‡∏ü‡∏±‡∏á‡∏ä‡∏±‡πà‡∏ô‡∏Ñ‡∏≠‡∏ô‡πÇ‡∏î ‡πÄ‡∏ü‡∏≠‡∏£‡πå ‡πÄ‡∏Ñ‡∏£‡∏∑‡πà‡∏≠‡∏á‡πÉ‡∏ä‡πâ‡πÑ‡∏ü‡∏ü‡πâ‡∏≤‡∏Ñ‡∏£‡∏ö ‡∏•‡∏î‡∏ä‡πà‡∏ß‡∏¢‡πÇ‡∏Ñ‡∏ß‡∏¥‡∏î,"‚ÄºÔ∏è‚ÄºÔ∏è‡∏•‡∏î‡∏ä‡πà‡∏ß‡∏¢ COVID 19 ‡∏ñ‡∏π‡∏Å‡∏™‡∏∏‡∏î 
 ‚ñ™Ô∏èROOM A : ‡∏Ç‡∏ô‡∏≤‡∏î 40 ‡∏ï‡∏£.‡∏° ‡∏£‡∏≤‡∏Ñ‡∏≤ 6,500.-
 ‚ñ™Ô∏èROOM B : ‡∏Ç‡∏ô‡∏≤‡∏î 36 ‡∏ï‡∏£.‡∏° ‡∏£‡∏≤‡∏Ñ‡∏≤ 6,000.-
 üí•1 ‡∏´‡πâ‡∏≠‡∏á‡∏ô‡∏≠‡∏ô ,1 ‡∏´‡πâ‡∏≠‡∏á‡∏ô‡πâ‡∏≥ ,1 ‡∏´‡πâ‡∏≠‡∏á‡∏ô‡∏±‡πâ‡∏á‡πÄ‡∏•‡πà‡∏ô
 ‡∏û‡∏∑‡πâ‡∏ô‡∏ó‡∏µ‡πà‡∏°‡∏µ‡∏Ñ‡∏ß‡∏≤‡∏°‡πÄ‡∏õ‡πá‡∏ô‡∏™‡∏ß‡∏ô‡∏ï‡∏±‡∏ß ‡∏õ‡∏•‡∏≠‡∏î‡∏†‡∏±‡∏¢ ‡∏´‡πâ‡∏≠‡∏á‡πÉ‡∏´‡∏ç‡πà ‡∏™‡∏∞‡∏î‡∏ß‡∏Å‡∏™‡∏ö‡∏≤‡∏¢
 

 ‚ùóÔ∏è‡∏™‡∏¥‡πà‡∏á‡∏≠‡∏≥‡∏ô‡∏ß‡∏¢‡∏Ñ‡∏ß‡∏≤‡∏°‡∏™‡∏∞‡∏î‡∏ß‡∏Å üëá
 ‚úÖ ‡πÇ‡∏ã‡∏ü‡∏≤‡πÄ‡∏ö‡∏î
 ‚úÖ ‡πÇ‡∏ï‡πä‡∏∞‡∏ó‡∏≤‡∏ô‡∏≠‡∏≤‡∏´‡∏≤‡∏£
 ‚úÖ ‡∏ó‡∏µ‡∏ß‡∏µ 1 ‡πÄ‡∏Ñ‡∏£‡∏∑‡πà‡∏≠‡∏á
 ‚úÖ ‡∏°‡∏∏‡∏°‡∏Ñ‡∏£‡∏±‡∏ß
 ‚úÖ ‡πÑ‡∏°‡πÇ‡∏Ñ‡∏£‡πÄ‡∏ß‡∏ü 1 ‡πÄ‡∏Ñ‡∏£‡∏∑‡πà‡∏≠‡∏á
 ‚úÖ ‡∏ï‡∏π‡πâ‡πÄ‡∏¢‡πá‡∏ô 1 ‡πÄ‡∏Ñ‡∏£‡∏∑‡πà‡∏≠‡∏á
 ‚úÖ ‡πÄ‡∏Ñ‡∏£‡∏∑‡πà‡∏≠‡∏á‡∏õ‡∏£‡∏±‡∏ö‡∏≠‡∏≤‡∏Å‡∏≤‡∏® 2 ‡πÄ‡∏Ñ‡∏£‡∏∑‡πà‡∏≠‡∏á
 ‚úÖ ‡πÄ‡∏Ñ‡∏£‡∏∑‡πà‡∏≠‡∏á‡∏ó‡∏≥‡∏ô‡πâ‡∏≥‡∏≠‡∏∏‡πà‡∏ô 1 ‡πÄ‡∏Ñ‡∏£‡∏∑‡πà‡∏≠‡∏á
 ‚úÖ ‡∏ó‡∏µ‡πà‡∏ô‡∏≠‡∏ô 2 ‡πÄ‡∏ï‡∏µ‡∏¢‡∏á
 ‚úÖ ‡∏ï‡∏π‡πâ‡πÄ‡∏™‡∏∑‡πâ‡∏≠‡∏ú‡πâ‡∏≤
 ‚úÖ ‡πÇ‡∏ï‡πä‡∏∞‡πÄ‡∏Ñ‡∏£‡∏∑‡πà‡∏≠‡∏á‡πÅ‡∏õ‡πâ‡∏á
 

 ‚ùóÔ∏è‡πÉ‡∏ô‡∏ó‡∏µ‡πà‡∏û‡∏±‡∏Å‡∏°‡∏µ‡∏ö‡∏£‡∏¥‡∏Å‡∏≤‡∏£üì£
 ‚úÖ WIFI
 ‚úÖ ‡πÄ‡∏Ñ‡∏£‡∏∑‡πà‡∏≠‡∏á‡∏ã‡∏±‡∏Å‡∏ú‡πâ‡∏≤‡∏´‡∏¢‡∏≠‡∏î‡πÄ‡∏´‡∏£‡∏µ‡∏¢‡∏ç
 

 ‚ÄºÔ∏è‡∏£‡∏∞‡∏ö‡∏ö‡∏Ñ‡∏ß‡∏≤‡∏°‡∏õ‡∏•‡∏≠‡∏î‡∏†‡∏±‡∏¢üöî
 ‚úÖ ‡∏Å‡∏•‡πâ‡∏≠‡∏á‡∏ß‡∏á‡∏à‡∏£‡∏õ‡∏¥‡∏î CCTV üìπ
 ‚úÖ ‡∏õ‡∏£‡∏∞‡∏ï‡∏π‡∏´‡∏ô‡πâ‡∏≤ ‡∏£‡∏∞‡∏ö‡∏ö‡∏Ñ‡∏µ‡∏¢‡πå‡∏Å‡∏≤‡∏£‡πå‡∏î 
 ‚úÖ ‡∏ñ‡∏±‡∏á‡∏î‡∏±‡∏ö‡πÄ‡∏û‡∏•‡∏¥‡∏á ‡∏õ‡∏£‡∏∞‡∏à‡∏≥‡∏ï‡∏≤‡∏°‡∏à‡∏∏‡∏î
 

 üì£ ‡∏™‡∏ñ‡∏≤‡∏ô‡∏ó‡∏µ‡πà‡πÉ‡∏Å‡∏•‡πâ‡πÄ‡∏Ñ‡∏µ‡∏¢‡∏á
 ‚ñ™Ô∏è ‡∏°‡∏´‡∏≤‡∏ß‡∏¥‡∏ó‡∏¢‡∏≤‡∏•‡∏±‡∏¢‡∏£‡∏≤‡∏ä‡∏†‡∏±‡∏è‡∏à‡∏±‡∏ô‡∏ó‡∏£‡πÄ‡∏Å‡∏©‡∏° (‡πÄ‡∏û‡∏µ‡∏¢‡∏á 100 ‡πÄ‡∏°‡∏ï‡∏£)
 ‚ñ™Ô∏è‡∏Å‡∏£‡∏°‡∏™‡πà‡∏á‡πÄ‡∏™‡∏£‡∏¥‡∏°‡∏Å‡∏≤‡∏£‡∏™‡πà‡∏á‡∏≠‡∏≠‡∏Å 
 ‚ñ™Ô∏è‡∏®‡∏≤‡∏•‡∏≠‡∏≤‡∏ç‡∏≤ 
 ‚ñ™Ô∏è‡∏Ñ‡∏õ‡∏†.
 ‚ñ™Ô∏è SCB Park 
 ‚ñ™Ô∏è Union Mall
 ‚ñ™Ô∏è ‡∏ö‡∏¥‡πä‡∏Å‡∏ã‡∏µ‡∏•‡∏≤‡∏î‡∏û‡∏£‡πâ‡∏≤‡∏ß
 ‚ñ™Ô∏è ‡πÇ‡∏•‡∏ï‡∏±‡∏™‡∏ß‡∏±‡∏á‡∏´‡∏¥‡∏ô
 ‚ñ™Ô∏è‡πÄ‡∏°‡πÄ‡∏à‡∏≠‡∏£‡πå‡∏£‡∏±‡∏ä‡πÇ‡∏¢‡∏ò‡∏¥‡∏ô
 ‚ñ™Ô∏è‡πÄ‡∏ã‡πá‡∏ô‡∏ó‡∏£‡∏±‡∏•‡∏•‡∏≤‡∏î‡∏û‡∏£‡πâ‡∏≤‡∏ß
 

 üì£ ‡∏Å‡∏≤‡∏£‡πÄ‡∏î‡∏¥‡∏ô‡∏ó‡∏≤‡∏á üöô
 ‚ñ™Ô∏è‡∏£‡∏ñ‡∏õ‡∏£‡∏∞‡∏à‡∏≥‡∏ó‡∏≤‡∏á 10 ‡∏™‡∏≤‡∏¢ (‡∏õ‡πâ‡∏≤‡∏¢ ‡∏°.‡∏£‡∏≤‡∏ä‡∏†‡∏±‡∏è‡∏à‡∏±‡∏ô‡∏ó‡∏£‡πÄ‡∏Å‡∏©‡∏°)
 - ‡∏™‡∏≤‡∏¢ 126 ‡∏ö‡∏≤‡∏á‡πÄ‡∏Ç‡∏ô - ‡∏°.‡∏£‡∏≤‡∏°‡∏Ñ‡∏≥‡πÅ‡∏´‡∏á
 - ‡∏™‡∏≤‡∏¢ 136 ‡∏Ñ‡∏•‡∏≠‡∏á‡πÄ‡∏ï‡∏¢ - ‡∏´‡∏°‡∏≠‡∏ä‡∏¥‡∏ï 2
 - ‡∏™‡∏≤‡∏¢ 178 ‡πÄ‡∏Ñ‡∏´‡∏∞‡∏™‡∏∏‡∏Ç‡∏≤1 - ‡πÄ‡∏Å‡∏©‡∏ï‡∏£ - ‡∏™‡∏ß‡∏ô‡∏™‡∏¢‡∏≤‡∏°
 - ‡∏™‡∏≤‡∏¢ 179 ‡∏û‡∏£‡∏∞‡∏£‡∏≤‡∏° 9 - ‡∏û‡∏£‡∏∞‡∏£‡∏≤‡∏° 7
 - ‡∏™‡∏≤‡∏¢ 185 ‡∏£‡∏±‡∏á‡∏™‡∏¥‡∏ï - ‡∏Ñ‡∏•‡∏≠‡∏á‡πÄ‡∏ï‡∏¢
 - ‡∏™‡∏≤‡∏¢ 191 ‡πÄ‡∏Ñ‡∏´‡∏∞‡∏Ñ‡∏•‡∏≠‡∏á‡∏à‡∏±‡πà‡∏ô - ‡∏Å‡∏£‡∏∞‡∏ó‡∏£‡∏ß‡∏á‡∏û‡∏≤‡∏ì‡∏¥‡∏ä‡∏¢‡πå
 - ‡∏™‡∏≤‡∏¢ 206 ‡∏®‡∏£‡∏µ‡∏ô‡∏Ñ‡∏£‡∏¥‡∏ô‡∏ó‡∏£‡πå - ‡∏ß‡∏¥‡∏†‡∏≤‡∏ß‡∏î‡∏µ
 - ‡∏™‡∏≤‡∏¢ 38 ‡∏°.‡∏à‡∏±‡∏ô‡∏ó‡∏£‡πÄ‡∏Å‡∏©‡∏° - ‡∏£‡∏≤‡∏° 2
 - ‡∏™‡∏≤‡∏¢ 41 ‡∏à‡∏±‡∏ô‡∏ó‡∏£‡πÄ‡∏Å‡∏©‡∏° - ‡πÄ‡∏î‡∏≠‡∏∞‡∏°‡∏≠‡∏•‡∏•‡πå‡∏ö‡∏≤‡∏á‡∏Å‡∏∞‡∏õ‡∏¥
 - ‡∏™‡∏≤‡∏¢ 529 ‡πÅ‡∏™‡∏°‡∏î‡∏≥ - ‡∏´‡∏°‡∏≠‡∏ä‡∏¥‡∏ï
 ‚ñ™Ô∏è MRT ‡∏•‡∏≤‡∏î‡∏û‡∏£‡πâ‡∏≤‡∏ß
 

 ‚ùóÔ∏è‡∏ß‡∏¥‡∏ò‡∏µ‡πÄ‡∏î‡∏¥‡∏ô‡∏ó‡∏≤‡∏á‡πÄ‡∏Ç‡πâ‡∏≤‡∏ó‡∏µ‡πà‡∏û‡∏±‡∏Å üëá
 ‚ù§Ô∏è‡∏´‡πà‡∏≤‡∏á‡∏à‡∏≤‡∏Å‡∏õ‡∏≤‡∏Å‡∏ã‡∏≠‡∏¢‡∏£‡∏±‡∏ä‡∏î‡∏≤32 ‡∏õ‡∏£‡∏∞‡∏°‡∏≤‡∏ì 250‡πÄ‡∏°‡∏ï‡∏£
 ‚ñ™Ô∏è ‡∏ß‡∏¥‡∏ô‡∏°‡∏≠‡πÄ‡∏ï‡∏≠‡∏£‡πå‡πÑ‡∏ã‡∏Ñ‡πå‡∏Ñ‡πà‡∏≤‡∏ö‡∏£‡∏¥‡∏Å‡∏≤‡∏£ 10 ‡∏ö‡∏≤‡∏ó/‡∏Ñ‡∏ô
 

 üí•‡∏£‡πâ‡∏≤‡∏ô‡∏™‡∏∞‡∏î‡∏ß‡∏Å‡∏ã‡∏∑‡πâ‡∏≠ üëá
 ‚ù§Ô∏è 7- Elephant (‡πÉ‡∏Å‡∏•‡πâ‡πÜ‡∏Å‡∏±‡∏ô‡∏ï‡∏≠‡∏ô‡πÄ‡∏¢‡πá‡∏ô‡∏°‡∏µ‡∏ï‡∏•‡∏≤‡∏î‡∏ô‡∏±‡∏î)
 ‚ù§Ô∏è Lotus Express (‡∏ï‡∏≠‡∏ô‡πÄ‡∏ä‡πâ‡∏≤‡∏°‡∏µ‡∏ï‡∏•‡∏≤‡∏î‡∏ô‡∏±‡∏î)
 ‚ù§Ô∏è Cafe Amazon
 ‚òéÔ∏èTel. 081-300-0888 (‡∏Ñ‡∏∏‡∏ì‡πÄ‡∏°‡∏à‡∏¥)",https://storage.googleapis.com/m8-prod.appspot.com/images_condo/05_06_2020_10_27_24_tn_Pavinee.jpg,,,,,,,,
6,LUMPINI PARK PHETKASEM 98,0,"2,200,000",1,1,40,8,FALSE,TRUE,"‡∏Ñ‡∏≠‡∏ô‡πÇ‡∏î‡πÅ‡∏ï‡πà‡∏á‡∏Ñ‡∏£‡∏ö‡∏û‡∏£‡πâ‡∏≠‡∏°‡πÄ‡∏Ç‡πâ‡∏≤‡∏≠‡∏¢‡∏π‡πà ‡∏Ç‡∏ô‡∏≤‡∏î‡∏Å‡∏∞‡∏ó‡∏±‡∏î‡∏£‡∏±‡∏î ‡∏ß‡∏¥‡∏ß‡∏™‡∏£‡∏∞‡∏ô‡πâ‡∏≥ ‡∏´‡πà‡∏≤‡∏á‡∏à‡∏≤‡∏Å‡∏™‡∏ñ‡∏≤‡∏ô‡∏µ‡∏£‡∏ñ‡πÑ‡∏ü‡∏ü‡πâ‡∏≤‡πÄ‡∏û‡∏µ‡∏¢‡∏á 2.9 ‡∏Å‡∏°.
 ‡∏à‡∏≠‡∏á‡∏ß‡∏±‡∏ô‡∏ô‡∏µ‡πâ‡πÅ‡∏ñ‡∏°‡∏ü‡∏£‡∏µ‡πÄ‡∏Ñ‡∏£‡∏∑‡πà‡∏≠‡∏á‡∏ã‡∏±‡∏Å‡∏ú‡πâ‡∏≤ ‡πÅ‡∏•‡∏∞‡∏ö‡∏£‡∏¥‡∏Å‡∏≤‡∏£‡∏•‡πâ‡∏≤‡∏á‡πÅ‡∏≠‡∏£‡πå‡∏ü‡∏£‡∏µ 1‡∏õ‡∏µ","‡∏Ñ‡∏≠‡∏ô‡πÇ‡∏î‡πÅ‡∏ï‡πà‡∏á‡∏Ñ‡∏£‡∏ö‡∏û‡∏£‡πâ‡∏≠‡∏°‡πÄ‡∏Ç‡πâ‡∏≤‡∏≠‡∏¢‡∏π‡πà ‡∏Ç‡∏ô‡∏≤‡∏î‡∏Å‡∏∞‡∏ó‡∏±‡∏î‡∏£‡∏±‡∏î‡∏≠‡∏≤‡∏Ñ‡∏≤‡∏£C ‡∏ä‡∏±‡πâ‡∏ô 6 ‡∏ß‡∏¥‡∏ß‡∏™‡∏£‡∏∞‡∏ô‡πâ‡∏≥ ‡∏´‡πà‡∏≤‡∏á‡∏à‡∏≤‡∏Å‡∏™‡∏ñ‡∏≤‡∏ô‡∏µ‡∏£‡∏ñ‡πÑ‡∏ü‡∏ü‡πâ‡∏≤‡πÄ‡∏û‡∏µ‡∏¢‡∏á 2.9 ‡∏Å‡∏°.
 üëâ‡∏à‡∏≠‡∏á‡∏ß‡∏±‡∏ô‡∏ô‡∏µ‡πâ‡πÅ‡∏ñ‡∏°‡∏ü‡∏£‡∏µ‡πÄ‡∏Ñ‡∏£‡∏∑‡πà‡∏≠‡∏á‡∏ã‡∏±‡∏Å‡∏ú‡πâ‡∏≤ ‡πÅ‡∏•‡∏∞‡∏ö‡∏£‡∏¥‡∏Å‡∏≤‡∏£‡∏•‡πâ‡∏≤‡∏á‡πÅ‡∏≠‡∏£‡πå‡∏û‡∏£‡πâ‡∏≠‡∏°‡∏ó‡∏≥‡∏Ñ‡∏ß‡∏≤‡∏°‡∏™‡∏∞‡∏≠‡∏≤‡∏î 1 ‡∏õ‡∏µ",https://storage.googleapis.com/m8-prod.appspot.com/images_condo/05_06_2020_10_25_54_tn_tayiga.jpg,,TRUE,,,TRUE,,,
7,Modiz Ratchada 32,"13,000",0,1,1,46,9,TRUE,TRUE,‡πÉ‡∏´‡πâ‡πÄ‡∏ä‡πà‡∏≤ ‡∏Ñ‡∏≠‡∏ô‡πÇ‡∏î Modiz ‡∏£‡∏±‡∏ä‡∏î‡∏≤ 32 (‡∏ä‡∏±‡πâ‡∏ô‡∏ö‡∏ô‡∏™‡∏∏‡∏î ‡∏´‡πâ‡∏≠‡∏á‡∏°‡∏∏‡∏°),"‡πÉ‡∏´‡πâ‡πÄ‡∏ä‡πà‡∏≤ Modiz ‡∏£‡∏±‡∏ä‡∏î‡∏≤32
 (‡∏†‡∏≤‡∏û‡∏ñ‡πà‡∏≤‡∏¢‡∏à‡∏≤‡∏Å‡∏´‡πâ‡∏≠‡∏á‡∏à‡∏£‡∏¥‡∏á ‡πÄ‡∏ü‡∏≠‡∏£‡πå‡∏ô‡∏¥‡πÄ‡∏à‡∏≠‡∏£‡πå‡πÅ‡∏•‡∏∞‡πÄ‡∏Ñ‡∏£‡∏∑‡πà‡∏≠‡∏á‡πÉ‡∏ä‡πâ‡πÑ‡∏ü‡∏ü‡πâ‡∏≤‡∏ï‡∏≤‡∏°‡∏£‡∏π‡∏õ‡∏†‡∏≤‡∏û‡∏Ñ‡∏£‡∏±‡∏ö)
 

 ‡πÄ‡∏ä‡πà‡∏≤‡πÄ‡∏û‡∏µ‡∏¢‡∏á 13,000 ‡πÄ‡∏î‡∏∑‡∏≠‡∏ô (‡∏™‡∏±‡∏ç‡∏ç‡∏≤ 1 ‡∏õ‡∏µ)
 ‡∏õ‡∏£‡∏∞‡∏Å‡∏±‡∏ô 1 ‡πÄ‡∏î‡∏∑‡∏≠‡∏ô + ‡∏Ñ‡πà‡∏≤‡πÄ‡∏ä‡πà‡∏≤‡∏•‡πà‡∏ß‡∏á‡∏´‡∏ô‡πâ‡∏≤ 1 ‡πÄ‡∏î‡∏∑‡∏≠‡∏ô
 

 Type: 1 Bedroom Plus
 1 ‡∏´‡πâ‡∏≠‡∏á‡∏ô‡∏≠‡∏ô + 1 ‡∏´‡πâ‡∏≠‡∏á‡∏ô‡πâ‡∏≥ + 1 ‡∏´‡πâ‡∏≠‡∏á‡∏ó‡∏≥‡∏á‡∏≤‡∏ô ‡πÅ‡∏¢‡∏Å‡∏à‡∏≤‡∏Å‡∏´‡πâ‡∏≠‡∏á‡∏ô‡∏±‡πà‡∏á‡πÄ‡∏•‡πà‡∏ô
 ‡∏Ç‡∏ô‡∏≤‡∏î‡∏´‡πâ‡∏≠‡∏á 31.37 ‡∏ï‡∏£.‡∏°
 ‡∏´‡πâ‡∏≠‡∏á‡∏°‡∏∏‡∏°‡∏ä‡∏±‡πâ‡∏ô 8 (‡∏ä‡∏±‡πâ‡∏ô‡∏ö‡∏ô‡∏™‡∏∏‡∏î) - ‡∏ä‡∏±‡πâ‡∏ô‡πÄ‡∏î‡∏µ‡∏¢‡∏ß‡∏Å‡∏±‡∏ö ‡∏ü‡∏¥‡∏ï‡πÄ‡∏ô‡∏™ ‡πÅ‡∏•‡∏∞‡∏ó‡∏≤‡∏á‡∏Ç‡∏∂‡πâ‡∏ô‡∏™‡∏£‡∏∞‡∏ß‡πà‡∏≤‡∏¢‡∏ô‡πâ‡∏≥
 

 ===========================
 ‡∏™‡∏ñ‡∏≤‡∏ô‡∏ó‡∏µ‡πà‡∏™‡∏≥‡∏Ñ‡∏±‡∏ç‡πÉ‡∏Å‡∏•‡πâ‡πÄ‡∏Ñ‡∏µ‡∏¢‡∏á
 Tesco Lotus Express (‡∏£‡∏±‡∏ä‡∏î‡∏≤ 32) : ~120 ‡∏°.
 ‡∏®‡∏π‡∏ô‡∏¢‡πå‡∏≠‡∏≤‡∏´‡∏≤‡∏£‡∏£‡∏±‡∏ä‡∏î‡∏≤ 32 : ~150 ‡∏°.
 ‡∏™‡∏ß‡∏ô‡∏•‡∏∏‡∏°‡πÑ‡∏ô‡∏ó‡πå‡∏ö‡∏≤‡∏ã‡∏≤‡∏£‡πå ‡∏£‡∏±‡∏ä‡∏î‡∏≤ : ~1.5 ‡∏Å‡∏°.
 Major ‡∏£‡∏±‡∏ä‡πÇ‡∏¢‡∏ò‡∏¥‡∏ô : ~2 ‡∏Å‡∏°.
 Plaza Lagoon : ~2.1 ‡∏Å‡∏°.
 Green Plaza : ~2.3 ‡∏Å‡∏°.
 The JAS ‡∏ß‡∏±‡∏á‡∏´‡∏¥‡∏ô : ~2.5 ‡∏Å‡∏°.
 Union Mall : ~3 ‡∏Å‡∏°.
 Central Eastville : ~7 ‡∏Å‡∏°.
 Central ‡∏•‡∏≤‡∏î‡∏û‡∏£‡πâ‡∏≤‡∏ß : ~4 ‡∏Å‡∏°.
 Esplanade ‡∏£‡∏±‡∏ä‡∏î‡∏≤ : ~5.9 ‡∏Å‡∏°.
 ‡∏ï‡∏•‡∏≤‡∏î‡∏ß‡∏±‡∏á‡∏´‡∏¥‡∏ô‡∏¢‡∏¥‡πà‡∏á‡πÄ‡∏à‡∏£‡∏¥‡∏ç : ~3.2 ‡∏Å‡∏°.
 ‡∏ï‡∏•‡∏≤‡∏î‡∏™‡∏∞‡∏û‡∏≤‡∏ô 2 : ~3.3 ‡∏Å‡∏°.
 ‡∏ï‡∏•‡∏≤‡∏î‡πÇ‡∏ä‡∏Ñ‡∏ä‡∏±‡∏¢ 4 : ~4.3 ‡∏Å‡∏°.
 ‡∏ï‡∏•‡∏≤‡∏î‡∏ô‡∏±‡∏î‡∏£‡∏ñ‡πÑ‡∏ü‡∏£‡∏±‡∏ä‡∏î‡∏≤ : ~5.9 ‡∏Å‡∏°.
 ‡∏°.‡∏£‡∏≤‡∏ä‡∏†‡∏±‡∏é‡∏à‡∏±‡∏ô‡∏ó‡∏£‡πÄ‡∏Å‡∏©‡∏° : ~550 ‡∏°.
 ‡∏°.‡πÄ‡∏Å‡∏©‡∏ï‡∏£‡∏®‡∏≤‡∏™‡∏ï‡∏£‡πå : ~3.6 ‡∏Å‡∏°.
 ‡∏£‡∏£.‡πÄ‡∏ã‡∏ô‡∏ï‡πå‡∏à‡∏≠‡∏´‡πå‡∏ô : ~3.7 ‡∏Å‡∏°.
 ‡∏£‡∏£.‡πÄ‡∏™‡∏ô‡∏≤‡∏ô‡∏¥‡∏Ñ‡∏° : ~3.8 ‡∏Å‡∏°.
 ‡∏£‡∏£.‡∏™‡∏ï‡∏£‡∏µ‡∏ß‡∏¥‡∏ó‡∏¢‡∏≤ 2 : ~5.3 ‡∏Å‡∏°.
 SCB Park : ~3.9 ‡∏Å‡∏°.
 ‡∏£‡∏û.‡πÄ‡∏°‡πÇ‡∏¢ : ~3.2 ‡∏Å‡∏°.
 ‡∏£‡∏û.‡∏™‡∏∏‡∏ó‡∏ò‡∏¥‡∏™‡∏≤‡∏£ : ~4.5 ‡∏Å‡∏°.
 ‡∏£‡∏û.‡πÄ‡∏õ‡∏≤‡πÇ‡∏• : ~6.1 ‡∏Å‡∏°.
 ‡∏®‡∏≤‡∏•‡∏≠‡∏≤‡∏ç‡∏≤ : 290 ‡∏°.
 ‡∏™‡∏ô.‡∏û‡∏´‡∏•‡πÇ‡∏¢‡∏ò‡∏¥‡∏ô : ~5.6 ‡∏Å‡∏°.
 ‡∏ï‡∏∂‡∏Å‡∏ä‡πâ‡∏≤‡∏á : ~4.7 ‡∏Å‡∏°.
 ‡∏™‡∏ß‡∏ô‡∏à‡∏ï‡∏∏‡∏à‡∏±‡∏Å‡∏£ : ~5.6 ‡∏Å‡∏°.
 ‡∏™‡∏ô‡∏á.‡∏Å‡∏≠‡∏á‡∏õ‡∏£‡∏≤‡∏ö‡∏õ‡∏£‡∏≤‡∏° : ~8 ‡∏Å‡∏°.
 ===========================
 

 ‡∏™‡∏¥‡πà‡∏á‡∏≠‡∏≥‡∏ô‡∏ß‡∏¢‡∏Ñ‡∏ß‡∏≤‡∏°‡∏™‡∏∞‡∏î‡∏ß‡∏Å
 Double Volume Marble Lounge
 Fully Function Fitness
 Co-working Space
 The Sky Scape gardens
 Moonlight Sky Pool
 Poolside Pavilion
 Rooftop Garden
 Auto Parking ‡∏£‡∏∞‡∏ö‡∏ö‡∏à‡∏±‡∏î‡∏Å‡∏≤‡∏£‡∏à‡∏≠‡∏î‡∏£‡∏ñ‡∏≠‡∏±‡∏à‡∏£‡∏¥‡∏¢‡∏∞
 ‡∏£‡∏∞‡∏ö‡∏ö Bluetooth Sound System
 ‡∏£‡∏∞‡∏ö‡∏ö Temperature Control
 CCTV
 ‡∏£‡∏õ‡∏†. 24 ‡∏ä‡∏°.
 ===========================
 

 ‡∏™‡∏ô‡πÉ‡∏à‡∏ï‡∏¥‡∏î‡∏ï‡πà‡∏≠/‡∏ô‡∏±‡∏î‡∏î‡∏π‡∏´‡πâ‡∏≠‡∏á
 ‡πÇ‡∏ó‡∏£ : 085-059-3556 (‡∏ô‡∏∞)
 ‡πÇ‡∏ó‡∏£ : 061-968-5244 (‡∏õ‡∏∏‡∏ì)
 Line ID : sitthana",https://storage.googleapis.com/m8-prod.appspot.com/images_condo/04_06_2020_12_26_31_tn_99.jpg,,TRUE,TRUE,,TRUE,,,TRUE
8,The Bloom Sukhumvit 71,0,"3,300,000",1,1,48,12,TRUE,TRUE,"1 Bed 1 Bath 1 Living room 
 Floor : 6th
 Space : 34.2 SQM.
 Fully Furnished
 1 parking
 

 ‡πÄ‡∏î‡∏¥‡∏ô‡∏ó‡∏≤‡∏á‡∏™‡∏∞‡∏î‡∏ß‡∏Å
 * Gateway ‡πÄ‡∏≠‡∏Å‡∏°‡∏±‡∏¢ ‚Äì 1.3 ‡∏Å‡∏°. ‡∏ö‡∏ô‡∏ñ‡∏ô‡∏ô‡∏™‡∏∏‡∏Ç‡∏∏‡∏°‡∏ß‡∏¥‡∏ó",,https://storage.googleapis.com/m8-prod.appspot.com/images_condo/03_06_2020_16_15_19_tn_‡∏û‡∏•‡∏±‡∏°‡πÅ‡∏à‡πâ‡∏á‡∏ß‡∏±‡∏í‡∏ô‡∏∞.jpg,,,,,,,,
9,,"30,000",0,1,1,49,7,TRUE,FALSE,"Condo for rent Via 31, No. 46 Soi Sukhumvit 31 yaek 2, Sukhumvit Rd.,1 Bedroom","‡πÉ‡∏´‡πâ‡πÄ‡∏ä‡πà‡∏≤‡∏Ñ‡∏≠‡∏ô‡πÇ‡∏î Via 31, No. 46/33 FL4 ,Sukhumvit Rd. 1 Bedroom
 ‡πÄ‡∏ß‡∏µ‡∏¢ 31 ‡∏ã‡∏≠‡∏¢‡∏™‡∏∏‡∏Ç‡∏∏‡∏°‡∏ß‡∏¥‡∏ó 31 (‡∏ã‡∏≠‡∏¢‡∏™‡∏ß‡∏±‡∏™‡∏î‡∏µ) ‡πÅ‡∏¢‡∏Å 2 ‡∏ñ‡∏ô‡∏ô‡∏™‡∏∏‡∏Ç‡∏∏‡∏°‡∏ß‡∏¥‡∏ó ‡πÅ‡∏Ç‡∏ß‡∏á‡∏Ñ‡∏•‡∏≠‡∏á‡πÄ‡∏ï‡∏¢‡πÄ‡∏´‡∏ô‡∏∑‡∏≠ ‡πÄ‡∏Ç‡∏ï‡∏ß‡∏±‡∏í‡∏ô‡∏≤ ‡∏Å‡∏£‡∏∏‡∏á‡πÄ‡∏ó‡∏û‡∏°‡∏´‡∏≤‡∏ô‡∏Ñ‡∏£
 VIA ‡∏™‡∏∏‡∏Ç‡∏∏‡∏°‡∏ß‡∏¥‡∏ó 31 (‡∏ã‡∏≠‡∏¢‡∏™‡∏ß‡∏±‡∏™‡∏î‡∏µ) ‡πÅ‡∏¢‡∏Å 2 ‡∏ñ‡∏ô‡∏ô‡∏™‡∏∏‡∏Ç‡∏∏‡∏°‡∏ß‡∏¥‡∏ó ‡πÅ‡∏Ç‡∏ß‡∏á‡∏Ñ‡∏•‡∏≠‡∏á‡πÄ‡∏ï‡∏¢‡πÄ‡∏´‡∏ô‡∏∑‡∏≠ ‡πÄ‡∏Ç‡∏ï‡∏ß‡∏±‡∏í‡∏ô‡∏≤ ‡∏Å‡∏ó‡∏°. ‡πÉ‡∏Å‡∏•‡πâ‡∏£‡∏ñ‡πÑ‡∏ü‡∏ü‡πâ‡∏≤ BTS ‡∏û‡∏£‡πâ‡∏≠‡∏°‡∏û‡∏á‡∏©‡πå, BTS ‡∏≠‡πÇ‡∏®‡∏Å ‡∏´‡∏£‡∏∑‡∏≠ MRT ‡∏™‡∏∏‡∏Ç‡∏∏‡∏°‡∏ß‡∏¥‡∏ó The Em District, Terminal 21, Rain Hill, ‡∏£‡∏û.‡∏™‡∏°‡∏¥‡∏ï‡∏¥‡πÄ‡∏ß‡∏ä ‡πÅ‡∏•‡∏∞ ‡∏≠‡∏∏‡∏ó‡∏¢‡∏≤‡∏ô‡πÄ‡∏ö‡∏ç‡∏à‡∏™‡∏¥‡∏£‡∏¥
 

 ‡∏™‡∏ñ‡∏≤‡∏ô‡∏ó‡∏µ‡πà‡∏™‡∏≥‡∏Ñ‡∏±‡∏ç‡πÉ‡∏Å‡∏•‡πâ‡πÄ‡∏Ñ‡∏µ‡∏¢‡∏á‡πÜ 
 1. Max Value
 2. ‡∏ã‡∏≠‡∏¢‡∏ó‡∏≠‡∏á‡∏´‡∏•‡πà‡∏≠
 3. ‡∏ö‡∏µ‡∏ó‡∏µ‡πÄ‡∏≠‡∏™‡∏û‡∏£‡πâ‡∏≠‡∏°‡∏û‡∏á‡∏©‡πå ‡πÅ‡∏•‡∏∞ ‡∏ö‡∏µ‡∏ó‡∏µ‡πÄ‡∏≠‡∏™‡∏≠‡πÇ‡∏®‡∏Å
 4. ‡∏´‡πâ‡∏≤‡∏á‡∏™‡∏£‡∏£‡∏û‡∏™‡∏¥‡∏ô‡∏Ñ‡πâ‡∏≤ ‡∏î‡∏¥ ‡πÄ‡∏≠‡πá‡∏°‡πÇ‡∏û‡πÄ‡∏£‡∏µ‡πà‡∏¢‡∏°
 ‡∏™‡∏¥‡πà‡∏á‡∏≠‡∏≥‡∏ô‡∏ß‡∏¢‡∏Ñ‡∏ß‡∏≤‡∏°‡∏™‡∏∞‡∏î‡∏ß‡∏Å 
 ‚Äì ‡∏™‡∏£‡∏∞‡∏ß‡πà‡∏≤‡∏¢‡∏ô‡πâ‡∏≥ (‡∏û‡∏£‡πâ‡∏≠‡∏°‡∏™‡∏£‡∏∞‡πÄ‡∏î‡πá‡∏Å), ‡∏ü‡∏¥‡∏ï‡πÄ‡∏ô‡∏™
 ‚Äì ‡∏£‡∏õ‡∏†., ‡∏Å‡∏•‡πâ‡∏≠‡∏á‡∏ß‡∏á‡∏à‡∏£‡∏õ‡∏¥‡∏î‡πÇ‡∏Ñ‡∏£‡∏á‡∏Å‡∏≤‡∏£, ‡∏õ‡∏£‡∏∞‡∏ï‡∏π Key Card
 ‚Äì ‡∏™‡∏ï‡∏£‡∏µ‡∏°
 ‚Äì ‡∏™‡∏ß‡∏ô‡∏´‡∏¢‡πà‡∏≠‡∏°
 ‚Äì Wi-Fi Internet ‡∏ö‡∏£‡∏¥‡πÄ‡∏ß‡∏ì Lobby (‡∏´‡πâ‡∏≠‡∏á‡∏≠‡∏≠‡∏Å‡∏Å‡∏≥‡∏•‡∏±‡∏á‡∏Å‡∏≤‡∏¢ ‡πÅ‡∏•‡∏∞‡∏ö‡∏£‡∏¥‡πÄ‡∏ß‡∏ì‡∏£‡∏∞‡πÄ‡∏ö‡∏µ‡∏¢‡∏á‡∏™‡∏£‡∏∞‡∏ß‡πà‡∏≤‡∏¢‡∏ô‡πâ‡∏≥)
 ‡∏£‡∏≤‡∏Ñ‡∏≤‡πÄ‡∏ä‡πà‡∏≤ 30,000 ‡∏ö‡∏≤‡∏ó‡∏ï‡πà‡∏≠ ‡πÄ‡∏î‡∏∑‡∏≠‡∏ô 
 ‡∏Ç‡∏ô‡∏≤‡∏î 48 ‡∏ï‡∏≤‡∏£‡∏≤‡∏á‡πÄ‡∏°‡∏ï‡∏£
 ‡πÄ‡∏ö‡∏≠‡∏£‡πå‡πÇ‡∏ó‡∏£‡∏ï‡∏¥‡∏î‡∏ï‡πà‡∏≠ 089-409 7592 (NID)
 

 

 

 

 Condo for rent Via 31, No. 46 Soi Sukhumvit 31 yaek 2, Sukhumvit Rd.,1 Bedroom
 

 Located next to BTS Phrom Phong and Asoke. Alternatively, the MRT Sukhumvit station is close to the Via 31.The residence unite provides the excessive view and great atmosphere.
 Address: No. 46 Soi Sukhumvit 31 yaek 2, Sukhumvit Rd., Khlongtoey-nua, Wattana, Bangkok 10110
 - Lift
 - Car Parking
 - Swimming Pool
 - Fitness
 - Near Soi Thonglor
 - Near BTS Phrom Phong and Asoke
 - Near Emporium, Terminal 21 or Robinson Asoke that can take you on a shopping. 
 - Near Max Value ,Uomasa Japanese Restaurant, Brown Eyes or Seafood Seafood Bistro
 Price : 30,000 Per Month
 Size : 48 square metres
 Contact : 089-4097592 (NID)",https://storage.googleapis.com/m8-prod.appspot.com/images_condo/08_06_2020_15_31_08_tn_Narong.jpg,,,,,,,,
10,Amanta Lumpini,"48,000",0,2,2,45,20,FALSE,TRUE,"Condo for rent Amanta Lumpini, FL 32 ,Rama4 Rd. 2 Bedroom
 

 Located next to MRT Khlong Toei and Expressway","‡πÉ‡∏´‡πâ‡πÄ‡∏ä‡πà‡∏≤‡∏Ñ‡∏≠‡∏ô‡πÇ‡∏î Amanta Lumpini, No. 1144/231 FL 32 ,Rama4 Rd. 2 Bedroom
 ‡∏Ñ‡∏≠‡∏ô‡πÇ‡∏î Amanta Lumpini ‡πÉ‡∏Å‡∏•‡πâ‡∏Å‡∏±‡∏öMRT ‡∏Ñ‡∏•‡∏≠‡∏á‡πÄ‡∏ï‡∏¢ ‡πÅ‡∏•‡∏∞‡∏ó‡∏≤‡∏á‡∏î‡πà‡∏ß‡∏ô‡πÄ‡∏â‡∏•‡∏¥‡∏°‡∏°‡∏´‡∏≤‡∏ô‡∏Ñ‡∏£ ‡∏ñ‡∏ô‡∏ô ‡∏û‡∏£‡∏∞‡∏£‡∏≤‡∏°‡∏ó‡∏µ‡πà 4 ‡πÅ‡∏Ç‡∏ß‡∏á ‡∏ó‡∏∏‡πà‡∏á‡∏°‡∏´‡∏≤‡πÄ‡∏°‡∏Ü ‡πÄ‡∏Ç‡∏ï ‡∏™‡∏≤‡∏ó‡∏£ ‡∏Å‡∏£‡∏∏‡∏á‡πÄ‡∏ó‡∏û‡∏°‡∏´‡∏≤‡∏ô‡∏Ñ‡∏£ 10120
 

 ‡∏™‡∏ñ‡∏≤‡∏ô‡∏ó‡∏µ‡πà‡∏™‡∏≥‡∏Ñ‡∏±‡∏ç‡πÉ‡∏Å‡∏•‡πâ‡πÄ‡∏Ñ‡∏µ‡∏¢‡∏á‡πÜ
 1. ‡∏ó‡πÄ‡∏ß‡∏ô‡∏ï‡∏µ‡πâ‡πÇ‡∏ü‡∏£‡πå‡∏ó‡∏≠‡πÄ‡∏ß‡∏ô‡∏¥‡∏ß 
 2. ‡∏ó‡∏∏‡πà‡∏á‡∏°‡∏´‡∏≤‡πÄ‡∏°‡∏Ü‡∏ó‡∏≤‡∏ß‡∏ô‡πå‡πÄ‡∏ã‡πá‡∏ô‡πÄ‡∏ï‡∏≠‡∏£‡πå 
 3. ‡∏ó‡πá‡∏≠‡∏õ‡∏™‡πå‡∏°‡∏≤‡∏£‡πå‡πÄ‡∏Å‡πá‡∏ï (‡∏™‡∏∏‡∏Ç‡∏∏‡∏°‡∏ß‡∏¥‡∏ó 24) 
 4. MRT ‡∏Ñ‡∏•‡∏≠‡∏á‡πÄ‡∏ï‡∏¢ ‡πÅ‡∏•‡∏∞ BTS ‡∏®‡∏≤‡∏•‡∏≤‡πÅ‡∏î‡∏á
 5. ‡∏£‡∏û.BNH
 ‡∏™‡∏¥‡πà‡∏á‡∏≠‡∏≥‡∏ô‡∏ß‡∏¢‡∏Ñ‡∏ß‡∏≤‡∏°‡∏™‡∏∞‡∏î‡∏ß‡∏Å 
 ‚Äì ‡∏™‡∏£‡∏∞‡∏ß‡πà‡∏≤‡∏¢‡∏ô‡πâ‡∏≥ , ‡∏ü‡∏¥‡∏ï‡πÄ‡∏ô‡∏™
 ‚Äì ‡∏£‡∏õ‡∏†., ‡∏Å‡∏•‡πâ‡∏≠‡∏á‡∏ß‡∏á‡∏à‡∏£‡∏õ‡∏¥‡∏î‡πÇ‡∏Ñ‡∏£‡∏á‡∏Å‡∏≤‡∏£
 ‚Äì ‡∏™‡∏ï‡∏£‡∏µ‡∏°
 ‚Äì ‡∏™‡∏ß‡∏ô‡∏´‡∏¢‡πà‡∏≠‡∏°/‡∏û‡∏∑‡πâ‡∏ô‡∏ó‡∏µ‡πà‡∏à‡∏±‡∏î‡∏ö‡∏≤‡∏£‡πå‡∏ö‡∏µ‡∏Ñ‡∏¥‡∏ß
 ‡∏£‡∏≤‡∏Ñ‡∏≤‡πÄ‡∏ä‡πà‡∏≤ 48,000 ‡∏ö‡∏≤‡∏ó‡∏ï‡πà‡∏≠ ‡πÄ‡∏î‡∏∑‡∏≠‡∏ô 
 ‡∏Ç‡∏ô‡∏≤‡∏î 99.18 ‡∏ï‡∏≤‡∏£‡∏≤‡∏á‡πÄ‡∏°‡∏ï‡∏£
 ‡πÄ‡∏ö‡∏≠‡∏£‡πå‡πÇ‡∏ó‡∏£‡∏ï‡∏¥‡∏î‡∏ï‡πà‡∏≠ 089-409 7592 (NID)
 

 

 Condo for rent Amanta Lumpini, No. 1144/231 FL 32 ,Rama4 Rd. 2 Bedroom
 

 Located next to MRT Khlong Toei and Expressway access Chalerm Maha Nakhon
 Address: Rama 4 Road, Thung Maha Mek, Sathon, Bangkok 10120,Thailand.
 

 Nearby Amenities
 - Near Twenty Four Avenue 
 - Near Thung Mahamek Town Center  
 - Near Tops Market (Sukhumvit 24)
 - Near BTS Sala Daeng and MRT Khlong Toei
 - Near BMH Hospital
 Facilities
 - Infinity-edge swimming pool
 - Kid‚Äôs pool
 - Jacuzzi
 - Gym
 - Steam and Sauna rooms
 - Library
 - Multi sports court
 Price : 48,000 Per Month
 Size : 99.18 square metres
 Contact : 089-4097592 (NID)",https://storage.googleapis.com/m8-prod.appspot.com/images_condo/06_06_2020_21_34_31_tn_Poon.jpg,,,,,,,,
11,Noble Remix 2,"58,000",0,2,2,41,14,TRUE,TRUE,"Condo for rent noble remix2, 9 Floor , Next to Bts Thonglor 2 Bedroom 2 Bahtroom","‡πÉ‡∏´‡πâ‡πÄ‡∏ä‡πà‡∏≤‡∏Ñ‡∏≠‡∏ô‡πÇ‡∏î Noble Remix2 ‡∏ä‡∏±‡πâ‡∏ô9 ‡πÄ‡∏î‡∏¥‡∏ô‡∏ó‡∏≤‡∏á‡∏™‡∏∞‡∏î‡∏ß‡∏Å ‡∏ï‡∏¥‡∏î‡∏ó‡∏≤‡∏á‡πÄ‡∏ä‡∏∑‡πà‡∏≠‡∏°‡∏£‡∏ñ‡πÑ‡∏ü‡∏ü‡πâ‡∏≤‡∏ó‡∏≠‡∏á‡∏´‡∏•‡πà‡∏≠ 2‡∏´‡πâ‡∏≠‡∏á‡∏ô‡∏≠‡∏ô 2 ‡∏´‡πâ‡∏≠‡∏á‡∏ô‡πâ‡∏≥
 Address: 772/625 ‡∏ä‡∏±‡πâ‡∏ô 9 ‡∏≠‡∏≤‡∏Ñ‡∏≤‡∏£ B ‡∏ã‡∏≠‡∏¢ ‡∏™‡∏∏‡∏Ç‡∏∏‡∏°‡∏ß‡∏¥‡∏ó 36 ‡∏ñ‡∏ô‡∏ô ‡∏™‡∏∏‡∏Ç‡∏∏‡∏°‡∏ß‡∏¥‡∏ó ‡πÅ‡∏Ç‡∏ß‡∏á‡∏Ñ‡∏•‡∏≠‡∏á‡∏ï‡∏±‡∏ô ‡πÄ‡∏Ç‡∏ï ‡∏Ñ‡∏•‡∏≠‡∏á‡πÄ‡∏ï‡∏¢ ‡∏Å‡∏£‡∏∏‡∏á‡πÄ‡∏ó‡∏û‡∏°‡∏´‡∏≤‡∏ô‡∏Ñ‡∏£ 10110 
 ‡∏ï‡∏¥‡∏î‡∏ö‡∏µ‡∏ó‡∏µ‡πÄ‡∏≠‡∏™‡∏ó‡∏≠‡∏á‡∏´‡∏•‡πà‡∏≠ ‡∏û‡∏£‡πâ‡∏≠‡∏°‡∏ó‡∏≤‡∏á‡πÄ‡∏ä‡∏∑‡πà‡∏≠‡∏°‡∏ï‡∏£‡∏á‡πÄ‡∏Ç‡πâ‡∏≤‡∏≠‡∏≤‡∏Ñ‡∏≤‡∏£‡∏ï‡∏±‡∏ß‡∏≠‡∏≤‡∏Ñ‡∏≤‡∏£‡πÄ‡∏ô‡πâ‡∏ô‡∏Ñ‡∏ß‡∏≤‡∏°‡πÇ‡∏õ‡∏£‡πà‡∏á‡πÇ‡∏•‡πà‡∏á‡∏™‡∏ö‡∏≤‡∏¢‡∏î‡πâ‡∏ß‡∏¢ ‡∏ö‡∏≤‡∏ô‡∏Å‡∏£‡∏∞‡∏à‡∏Å‡∏•‡∏≤‡∏°‡∏¥‡πÄ‡∏ô‡∏ï‡πÅ‡∏ö‡∏ö‡∏ô‡∏¥‡∏£‡∏†‡∏±‡∏¢ 2 ‡∏ä‡∏±‡πâ‡∏ô ‡∏ö‡∏≤‡∏ô‡∏Å‡∏ß‡πâ‡∏≤‡∏á‡∏™‡∏π‡∏á‡∏ñ‡∏∂‡∏á 3 ‡πÄ‡∏°‡∏ï‡∏£‡∏´‡πâ‡∏≠‡∏á‡∏û‡∏±‡∏Å‡∏≠‡∏≤‡∏®‡∏±‡∏¢‡∏ö‡∏£‡∏£‡∏¢‡∏≤‡∏Å‡∏≤‡∏®‡πÇ‡∏õ‡∏£‡πà‡∏á‡∏™‡∏ö‡∏≤‡∏¢ 
 ‡∏™‡∏¥‡πà‡∏á‡∏≠‡∏≥‡∏ô‡∏ß‡∏¢‡∏Ñ‡∏ß‡∏≤‡∏°‡∏™‡∏∞‡∏î‡∏ß‡∏Å 
 -‡∏•‡∏¥‡∏ü‡∏ó‡πå‡πÇ‡∏î‡∏¢‡∏™‡∏≤‡∏£ 
 -‡∏ó‡∏µ‡πà‡∏à‡∏≠‡∏î‡∏£‡∏ñ 
 -‡∏™‡∏£‡∏∞‡∏ß‡πà‡∏≤‡∏¢‡∏ô‡πâ‡∏≥ 
 -‡∏ü‡∏¥‡∏ï‡πÄ‡∏ô‡∏™ 
 -‡∏ï‡∏¥‡∏îBTS ‡∏ó‡∏≠‡∏á‡∏´‡∏•‡πà‡∏≠ 
 - ‡πÉ‡∏Å‡∏•‡πâ American School Of Bangkok, Darunalai Sukhumvit School, Bangkok Preparatory International School, Trinity International School, Stamford International University
 -‡πÉ‡∏Å‡∏•‡πâ‡∏´‡πâ‡∏≤‡∏á‡πÄ‡∏≠‡πá‡∏°‡∏Ñ‡∏ß‡∏≠‡πÄ‡∏£‡∏µ‡πà‡∏¢‡∏°, ‡πÉ‡∏Å‡∏•‡πâ‡∏´‡πâ‡∏≤‡∏á‡πÄ‡∏≠‡πá‡∏°‡∏Ñ‡∏ß‡∏≠‡πÄ‡∏ó‡∏µ‡∏¢‡∏£‡πå, ‡πÉ‡∏Å‡∏•‡πâ‡∏û‡∏•‡∏≤‡∏ã‡πà‡∏≤‡πÄ‡∏£‡∏ô‡∏Æ‡∏¥‡∏ß ‡∏™‡∏∏‡∏Ç‡∏∏‡∏°‡∏ß‡∏¥‡∏ó47, ‡πÉ‡∏Å‡∏•‡πâ‡∏û‡∏•‡∏≤‡∏ã‡πà‡∏≤‡πÄ‡∏Ñ-‡∏ß‡∏¥‡∏•‡πÄ‡∏•‡∏à , ‡πÉ‡∏Å‡∏•‡πâ‡πÄ‡∏ó‡∏≠‡∏£‡πå‡∏°‡∏¥‡∏ô‡∏≠‡∏• 21
 - ‡πÉ‡∏Å‡∏•‡πâ‡πÇ‡∏£‡∏á‡∏û‡∏¢‡∏≤‡∏ö‡∏≤‡∏•‡∏™‡∏°‡∏¥‡∏ï‡∏¥‡πÄ‡∏ß‡∏ä ‡∏ò‡∏ô‡∏ö‡∏∏‡∏£‡∏µ, ‡πÉ‡∏Å‡∏•‡πâ‡πÇ‡∏£‡∏á‡∏û‡∏¢‡∏≤‡∏ö‡∏≤‡∏•‡∏™‡∏°‡∏¥‡∏ï‡∏¥‡πÄ‡∏ß‡∏ä ‡∏™‡∏∏‡∏Ç‡∏∏‡∏°‡∏ß‡∏¥‡∏ó, ‡πÉ‡∏Å‡∏•‡πâ‡πÇ‡∏£‡∏á‡∏û‡∏¢‡∏≤‡∏ö‡∏≤‡∏•‡∏Ñ‡∏≤‡∏°‡∏¥‡∏•‡πÄ‡∏•‡∏µ‡πà‡∏¢‡∏ô, ‡πÉ‡∏Å‡∏•‡πâ‡πÇ‡∏£‡∏á‡∏û‡∏¢‡∏≤‡∏ö‡∏≤‡∏•‡∏™‡∏∏‡∏Ç‡∏∏‡∏°‡∏ß‡∏¥‡∏ó, ‡πÉ‡∏Å‡∏•‡πâ‡πÇ‡∏£‡∏á‡∏û‡∏¢‡∏≤‡∏ö‡∏≤‡∏•‡∏Å‡∏£‡∏∏‡∏á‡πÄ‡∏ó‡∏û, ‡πÉ‡∏Å‡∏•‡πâ‡πÇ‡∏£‡∏á‡∏û‡∏¢‡∏≤‡∏ö‡∏≤‡∏•‡∏û‡∏£‡πâ‡∏≠‡∏°‡∏°‡∏¥‡∏ï‡∏£, ‡πÉ‡∏Å‡∏•‡πâ‡πÇ‡∏£‡∏á‡∏û‡∏¢‡∏≤‡∏ö‡∏≤‡∏•‡πÄ‡∏ó‡∏û‡∏ò‡∏≤‡∏£‡∏¥‡∏ô‡∏ó‡∏£‡πå
 ‡∏£‡∏≤‡∏Ñ‡∏≤‡πÄ‡∏ä‡πà‡∏≤ 58,000 ‡∏ö‡∏≤‡∏ó‡∏ï‡πà‡∏≠ ‡πÄ‡∏î‡∏∑‡∏≠‡∏ô 
 ‡∏Ç‡∏ô‡∏≤‡∏î 95.11 ‡∏ï‡∏≤‡∏£‡∏≤‡∏á‡πÄ‡∏°‡∏ï‡∏£
 ‡πÄ‡∏ö‡∏≠‡∏£‡πå‡πÇ‡∏ó‡∏£‡∏ï‡∏¥‡∏î‡∏ï‡πà‡∏≠ 089-409 7592
 

 

 

 

 Condo for rent noble remix2, 9 Floor , Next to Bts Thonglor 2 Bedroom 2 Bahtroom
 Located next to BTS Thonglor with its own access walkway.The concept focused on very high 3 - meter and large 2 - layer laminate windows. The residence unite provides the excessive view and great atmosphere.
 Address: 772/625 9 Floor Zone B Soi Sukumvit36, Sukumvit Road, Klongton, Klongtoei Bangkok 10110
 - Lift
 - Car Parking
 - Swimming Pool
 - Fitness
 - Near Bts Thonglor-
 -Near American School Of Bangkok, Darunalai Sukhumvit School, Bangkok Preparatory International School, Trinity International School, Stamford International University
 - Near Emporium Shopping Complex, EmQuartier, Rain Hill Sukhumvit 47, K Village, Terminal 21
 - Near Samitivej Thonburi Hospital, Samitivej Sukumvit Hospital, Camillian Hospital, Sukumvit Hospital, Bangkok Hospital, Prommitr Hospital, Theptarin General Hospital
 Price : 58,000 Per Month
 Size : 95.11 square metres
 Contact : 089-409 7592",https://storage.googleapis.com/m8-prod.appspot.com/images_condo/04_06_2020_13_30_07_tn_NoBi.jpg,,,TRUE,,,,,
12,C EKKAMAI,"18,500",0,1,1,46,14,TRUE,TRUE,‡πÉ‡∏´‡πâ‡πÄ‡∏ä‡πà‡∏≤ ‡∏Ñ‡∏≠‡∏ô‡πÇ‡∏î ‡∏ã‡∏µ ‡πÄ‡∏≠‡∏Å‡∏°‡∏±‡∏¢ (C Ekkamai) 35 ‡∏ï‡∏£‡∏°. ‡∏ä‡∏±‡πâ‡∏ô 18 ‡∏´‡πâ‡∏≠‡∏á‡∏™‡∏ß‡∏¢ ‡∏ï‡∏Å‡πÅ‡∏ï‡πà‡∏á‡πÄ‡∏ü‡∏≠‡∏£‡πå‡∏Ñ‡∏£‡∏ö ‡∏û‡∏£‡πâ‡∏≠‡∏°‡∏≠‡∏¢‡∏π‡πà ‡∏™‡∏±‡∏á‡∏Ñ‡∏°‡∏î‡∏µ,"1 ‡∏´‡πâ‡∏≠‡∏á‡∏ô‡∏≠‡∏ô 1 ‡∏´‡πâ‡∏≠‡∏á‡∏ô‡πâ‡∏≥ ‡∏Ç‡∏ô‡∏≤‡∏î 35 ‡∏ï‡∏≤‡∏£‡∏≤‡∏á‡πÄ‡∏°‡∏ï‡∏£ ‡∏ä‡∏±‡πâ‡∏ô 18 Fully Furnished ‡∏û‡∏£‡πâ‡∏≠‡∏°‡πÄ‡∏Ç‡πâ‡∏≤‡∏≠‡∏¢‡∏π‡πà
 

 ‡∏ó‡∏µ‡πà‡∏ï‡∏±‡πâ‡∏á : ‡∏™‡∏∏‡∏Ç‡∏∏‡∏°‡∏ß‡∏¥‡∏ó 63 ‡πÄ‡∏≠‡∏Å‡∏°‡∏±‡∏¢ 30 ‡πÅ‡∏Ç‡∏ß‡∏á‡∏Ñ‡∏•‡∏≠‡∏á‡∏ï‡∏±‡∏ô‡πÄ‡∏´‡∏ô‡∏∑‡∏≠ ‡πÄ‡∏Ç‡∏ï‡∏ß‡∏±‡∏í‡∏ô‡∏≤ ‡∏Å‡∏ó‡∏°.
 

 - ‡∏Ç‡∏ô‡∏≤‡∏î‡∏´‡πâ‡∏≠‡∏á 35 ‡∏ï‡∏£.‡∏° 
 - 1 ‡∏ô‡∏≠‡∏ô 1 ‡∏´‡πâ‡∏≠‡∏á‡∏ô‡πâ‡∏≥ 
 - ‡∏Ñ‡∏≠‡∏ô‡πÇ‡∏î‡∏°‡∏µ 44 ‡∏ä‡∏±‡πâ‡∏ô ‡∏≠‡∏¢‡∏π‡πà‡∏ä‡∏±‡πâ‡∏ô 18 ‡∏ó‡∏¥‡∏®‡πÄ‡∏´‡∏ô‡∏∑‡∏≠ ‡∏ß‡∏¥‡∏ß‡∏™‡∏ß‡∏¢‡πÑ‡∏°‡πà‡∏°‡∏µ‡∏ï‡∏∂‡∏Å‡∏ö‡∏±‡∏á 
 - ‡πÄ‡∏ü‡∏≠‡∏£‡πå‡∏ô‡∏¥‡πÄ‡∏à‡∏≠‡∏£‡πå‡∏Ñ‡∏£‡∏ö‡∏û‡∏£‡πâ‡∏≠‡∏°‡πÄ‡∏Ñ‡∏£‡∏∑‡πà‡∏≠‡∏á‡πÉ‡∏ä‡πâ‡πÑ‡∏ü‡∏ü‡πâ‡∏≤
 - ‡πÄ‡∏Ñ‡∏£‡∏∑‡πà‡∏≠‡∏á‡πÉ‡∏ä‡πâ‡πÑ‡∏ü‡∏ü‡πâ‡∏≤ ‡∏ó‡∏µ‡∏ß‡∏µ Digital 2 ‡πÄ‡∏Ñ‡∏£‡∏∑‡πà‡∏≠‡∏á ,‡∏ï‡∏π‡πâ‡πÄ‡∏¢‡πá‡∏ô, ‡πÄ‡∏ï‡∏≤‡πÑ‡∏ü‡∏ü‡πâ‡∏≤,‡πÅ‡∏≠‡∏£‡πå,‡πÄ‡∏Ñ‡∏£‡∏∑‡πà‡∏≠‡∏á‡∏ó‡∏≥‡∏ô‡πâ‡∏≥‡∏≠‡∏∏‡πà‡∏ô,‡πÑ‡∏°‡πÇ‡∏Ñ‡∏£‡πÄ‡∏ß‡∏ü, ‡∏õ‡∏£‡∏∞‡∏ï‡∏π‡∏£‡∏∞‡∏ö‡∏ö Digital Door Lock 
 

 ‡∏£‡∏≤‡∏Ñ‡∏≤‡πÄ‡∏ä‡πà‡∏≤ 18,500 ‡∏ö‡∏≤‡∏ó/‡πÄ‡∏î‡∏∑‡∏≠‡∏ô ‡∏™‡∏±‡∏ç‡∏ç‡∏≤‡πÄ‡∏ä‡πà‡∏≤‡∏Ç‡∏±‡πâ‡∏ô‡∏ï‡πà‡∏≥ 1 ‡∏õ‡∏µ ‡∏°‡∏±‡∏î‡∏à‡∏≥ 1 ‡πÄ‡∏î‡∏∑‡∏≠‡∏ô ‡∏•‡πà‡∏ß‡∏á‡∏´‡∏ô‡πâ‡∏≤ 1 ‡πÄ‡∏î‡∏∑‡∏≠‡∏ô 
 

 

 ‡∏™‡∏¥‡πà‡∏á‡∏≠‡∏≥‡∏ô‡∏ß‡∏¢‡∏Ñ‡∏ß‡∏≤‡∏°‡∏™‡∏∞‡∏î‡∏ß‡∏Å 
 ‚Ä¢ ‡πÇ‡∏ñ‡∏á‡∏ï‡πâ‡∏≠‡∏á‡∏£‡∏±‡∏ö 
 ‚Ä¢ ‡∏´‡πâ‡∏≠‡∏á‡∏à‡∏î‡∏´‡∏°‡∏≤‡∏¢ 
 ‚Ä¢ ‡∏™‡∏£‡∏∞‡∏ß‡πà‡∏≤‡∏¢‡∏ô‡πâ‡∏≥‡∏£‡∏∞‡∏ö‡∏ö‡πÄ‡∏Å‡∏•‡∏∑‡∏≠ 
 ‚Ä¢ ‡∏ü‡∏¥‡∏ï‡πÄ‡∏ô‡∏™ 
 ‚Ä¢ ‡∏ã‡∏≤‡∏ß‡∏ô‡πà‡∏≤ 
 ‚Ä¢ ‡∏™‡∏ß‡∏ô‡∏•‡∏≠‡∏¢‡∏ü‡πâ‡∏≤ 
 ‚Ä¢ ‡∏õ‡∏£‡∏∞‡∏ï‡∏π‡∏Ñ‡∏µ‡∏¢‡πå‡∏Å‡∏≤‡∏£‡πå‡∏î 
 ‚Ä¢ ‡∏•‡∏¥‡∏ü‡∏ó‡πå‡πÇ‡∏î‡∏¢‡∏™‡∏≤‡∏£ 
 ‚Ä¢ ‡∏ó‡∏µ‡πà‡∏à‡∏≠‡∏î‡∏£‡∏ñ 
 ‚Ä¢ ‡∏Å‡∏•‡πâ‡∏≠‡∏á‡∏ß‡∏á‡∏à‡∏£‡∏õ‡∏¥‡∏î 
 

 

 ‡∏™‡∏ñ‡∏≤‡∏ô‡∏ó‡∏µ‡πà‡∏™‡∏≥‡∏Ñ‡∏±‡∏ç‡πÉ‡∏Å‡∏•‡πâ‡πÄ‡∏Ñ‡∏µ‡∏¢‡∏á 
 1. Major Cineplex 
 2. ‡∏£‡∏ñ‡πÑ‡∏ü‡∏ü‡πâ‡∏≤ BTS ‡πÄ‡∏≠‡∏Å‡∏°‡∏±‡∏¢ 
 3. ‡∏£‡∏ñ‡πÑ‡∏ü‡∏ü‡πâ‡∏≤ BTS ‡∏ó‡∏≠‡∏á‡∏´‡∏•‡πà‡∏≠ 
 4. J Avenue 
 5. ‡πÇ‡∏£‡∏á‡∏û‡∏¢‡∏≤‡∏ö‡∏≤‡∏•‡∏™‡∏°‡∏¥‡∏ï‡∏¥‡πÄ‡∏ß‡∏ä
 

 ‡∏™‡∏ô‡πÉ‡∏à‡∏ï‡∏¥‡∏î‡∏ï‡πà‡∏≠ 
 ‡∏Ñ‡∏∏‡∏ì‡∏Å‡∏§‡∏©‡∏ì‡πå: 091-415-1987 
 Email : khunkritsanapong@gmail.com
 Line : 013183188",https://storage.googleapis.com/m8-prod.appspot.com/images_condo/06_06_2020_18_47_32_tn_Aof.jpg,,,TRUE,TRUE,,,,
13,Fuse Chan-Sathorn Condo,"11,000",0,0,1,21,5,TRUE,TRUE,"Studio Room on level 19 floor Unit at Fuse Chan Sathorn Condo now available for Rent at 11,000 Baht/Month for a minimum one year contract","‡∏Ñ‡∏≠‡∏ô‡πÇ‡∏î‡∏ü‡∏¥‡∏ß‡∏™‡πå‡πÉ‡∏´‡πâ‡πÄ‡∏ä‡πà‡∏≤ ‡∏ñ‡∏ô‡∏ô‡∏à‡∏±‡∏ô‡∏ó‡∏ô‡πå ‡∏™‡∏≤‡∏ó‡∏£ ‡∏´‡πâ‡∏≠‡∏á‡∏™‡∏ï‡∏π‡∏î‡∏¥‡πÇ‡∏≠ 26 ‡∏ï‡∏≤‡∏£‡∏≤‡∏á‡πÄ‡∏°‡∏ï‡∏£ ‡∏ï‡∏∂‡∏Å B ‡∏ä‡∏±‡πâ‡∏ô 10, 19 
 ‡∏û‡∏£‡πâ‡∏≠‡∏°‡πÄ‡∏ü‡∏≠‡∏£‡πå‡∏ô‡∏¥‡πÄ‡∏à‡∏≠‡∏£‡πå ‡∏ä‡∏∏‡∏î‡πÄ‡∏Ñ‡∏£‡∏∑‡πà‡∏≠‡∏á‡∏Ñ‡∏£‡∏±‡∏ß ‡πÄ‡∏Ñ‡∏£‡∏∑‡πà‡∏≠‡∏á‡∏ô‡πâ‡∏≥‡∏≠‡∏∏‡πà‡∏ô ‡πÇ‡∏ó‡∏£‡∏ó‡∏±‡∏®‡∏ô‡πå ‡∏ï‡∏π‡πâ‡πÄ‡∏¢‡πá‡∏ô ‡πÅ‡∏≠‡∏£‡πå ‡πÇ‡∏ã‡∏ü‡∏≤ ‡πÄ‡∏ï‡∏µ‡∏¢‡∏á‡∏ô‡∏≠‡∏ô ‡πÇ‡∏ï‡πä‡∏∞‡∏ó‡∏≤‡∏ô‡∏Ç‡πâ‡∏≤‡∏ß
 ‡∏°‡∏µ‡∏™‡∏£‡∏∞‡∏ß‡πà‡∏≤‡∏¢‡∏ô‡πâ‡∏≥ ‡∏ü‡∏¥‡∏ï‡πÄ‡∏ô‡∏™ ‡∏´‡πâ‡∏≠‡∏á‡πÇ‡∏¢‡∏Ñ‡∏∞ ‡∏ó‡∏µ‡πà‡∏à‡∏≠‡∏î‡∏£‡∏ñ
 ‡∏´‡πâ‡∏≠‡∏á‡∏≠‡∏¢‡∏π‡πà‡∏ù‡∏±‡πà‡∏á‡∏ß‡∏¥‡∏ß‡∏™‡∏£‡∏∞‡∏ô‡πâ‡∏≥ ‡∏°‡∏µ‡∏Ñ‡∏ß‡∏≤‡∏°‡πÄ‡∏õ‡πá‡∏ô‡∏™‡πà‡∏ß‡∏ô‡∏ï‡∏±‡∏ß ‡∏ß‡∏¥‡∏ß‡∏™‡∏ß‡∏¢‡∏à‡∏≤‡∏Å‡∏´‡πâ‡∏≠‡∏á‡∏ô‡∏≠‡∏ô 
 ‡∏ä‡∏∏‡∏î‡∏Ñ‡∏£‡∏±‡∏ß Built-in ‡∏û‡∏£‡πâ‡∏≠‡∏°‡∏≠‡∏∏‡∏õ‡∏Å‡∏£‡∏ì‡πå 3 ‡∏£‡∏≤‡∏¢‡∏Å‡∏≤‡∏£ ‡∏õ‡∏£‡∏∞‡∏Å‡∏≠‡∏ö‡∏î‡πâ‡∏ß‡∏¢ ‡πÄ‡∏ï‡∏≤‡πÑ‡∏ü‡∏ü‡πâ‡∏≤ ‡πÄ‡∏Ñ‡∏£‡∏∑‡πà‡∏≠‡∏á‡∏î‡∏π‡∏î‡∏Ñ‡∏ß‡∏±‡∏ô ‡∏ã‡∏¥‡∏á‡∏Ñ‡πå‡∏•‡πâ‡∏≤‡∏á‡∏à‡∏≤‡∏ô‡∏û‡∏£‡πâ‡∏≠‡∏°‡∏Å‡πä‡∏≠‡∏Å‡∏ô‡πâ‡∏≥
 - ‡πÄ‡∏Ñ‡∏£‡∏∑‡πà‡∏≠‡∏á‡∏õ‡∏£‡∏±‡∏ö‡∏≠‡∏≤‡∏Å‡∏≤‡∏® 1 ‡πÄ‡∏Ñ‡∏£‡∏∑‡πà‡∏≠‡∏á ‡πÉ‡∏ô‡∏´‡πâ‡∏≠‡∏á‡∏ô‡∏≠‡∏ô
 - ‡∏™‡∏∏‡∏Ç‡∏†‡∏±‡∏ì‡∏ë‡πå‡∏´‡πâ‡∏≠‡∏á‡∏ô‡πâ‡∏≥‡πÅ‡∏ö‡∏ö‡πÇ‡∏°‡πÄ‡∏î‡∏¥‡∏• ‡∏û‡∏£‡πâ‡∏≠‡∏°‡∏â‡∏≤‡∏Å‡∏Å‡∏±‡πâ‡∏ô‡∏≠‡∏≤‡∏ö‡∏ô‡πâ‡∏≥ ‡∏Å‡∏£‡∏∞‡∏à‡∏Å‡∏ô‡∏¥‡∏£‡∏†‡∏±‡∏¢ Tempered Glass
 - ‡πÄ‡∏ü‡∏≠‡∏£‡πå‡∏ô‡∏¥‡πÄ‡∏à‡∏≠‡∏£‡πå‡∏Ñ‡∏£‡∏ö‡∏ä‡∏∏‡∏î ‡πÄ‡∏ï‡∏µ‡∏¢‡∏á 5 ‡∏ü‡∏∏‡∏ï‡∏û‡∏£‡πâ‡∏≠‡∏°‡πÇ‡∏ï‡πä‡∏∞‡∏´‡∏±‡∏ß‡πÄ‡∏ï‡∏µ‡∏¢‡∏á 1 ‡∏ï‡∏±‡∏ß ‡∏ï‡∏π‡πâ‡πÄ‡∏™‡∏∑‡πâ‡∏≠‡∏ú‡πâ‡∏≤ Built in, ‡πÇ‡∏ï‡πä‡∏∞‡∏£‡∏±‡∏ö‡∏õ‡∏£‡∏∞‡∏ó‡∏≤‡∏ô‡∏≠‡∏≤‡∏´‡∏≤‡∏£ 2 ‡∏ó‡∏µ‡πà‡∏ô‡∏±‡πà‡∏á, ‡πÇ‡∏ã‡∏ü‡∏≤ 2 ‡∏ó‡∏µ‡πà‡∏ô‡∏±‡πà‡∏á, ‡∏ä‡∏±‡πâ‡∏ô‡∏ß‡∏≤‡∏á‡∏ó‡∏µ‡∏ß‡∏µ - ‡∏ó‡∏µ‡∏ß‡∏µ LCD 32""",https://storage.googleapis.com/m8-prod.appspot.com/images_condo/07_06_2020_17_09_11_tn_99.jpg,,,,,,,,
14,Townhouse,"85,000",0,4,4,68,19,TRUE,TRUE,"Location : Sukhumvit Soi 4 (nana) 
 ‡∏£‡∏≤‡∏Ñ‡∏≤‡πÄ‡∏ä‡πà‡∏≤ 85,000 ‡∏ö‡∏≤‡∏ó/‡πÄ‡∏î‡∏∑‡∏≠‡∏ô
 ‚Ä¢ ‡πÄ‡∏ô‡∏∑‡πâ‡∏≠‡∏ó‡∏µ‡πà‡πÉ‡∏ä‡πâ‡∏™‡∏≠‡∏¢‡∏õ‡∏£‡∏∞‡∏°‡∏≤‡∏ì 550 ‡∏ï‡∏≤‡∏£‡∏≤‡∏á‡πÄ‡∏°‡∏ï‡∏£‡∏ï‡∏Å‡πÅ‡∏ï‡πà‡∏á‡∏™‡∏ß‡∏¢‡∏°‡∏≤‡∏Å‡πÜ
 ‚Ä¢ 8 ‡∏´‡πâ‡∏≠‡∏á‡∏ô‡∏≠‡∏ô 9 ‡∏´‡πâ‡∏≠‡∏á‡∏ô‡πâ‡∏≥","‡πÉ‡∏´‡πâ‡πÄ‡∏ä‡πà‡∏≤ - ‡∏ó‡∏≤‡∏ß‡∏ô‡πå‡πÄ‡∏Æ‡πâ‡∏≤‡∏™‡πå 5 22 ‡∏ï‡∏≤‡∏£‡∏≤‡∏á‡∏ß‡∏≤ Sukhumvit Soi 4 (nana) 
 ‡∏£‡∏≤‡∏Ñ‡∏≤‡πÄ‡∏ä‡πà‡∏≤ 85,000 ‡∏ö‡∏≤‡∏ó/‡πÄ‡∏î‡∏∑‡∏≠‡∏ô
 ‚Ä¢ ‡πÄ‡∏ô‡∏∑‡πâ‡∏≠‡∏ó‡∏µ‡πà‡πÉ‡∏ä‡πâ‡∏™‡∏≠‡∏¢‡∏õ‡∏£‡∏∞‡∏°‡∏≤‡∏ì 550 ‡∏ï‡∏≤‡∏£‡∏≤‡∏á‡πÄ‡∏°‡∏ï‡∏£‡∏ï‡∏Å‡πÅ‡∏ï‡πà‡∏á‡∏™‡∏ß‡∏¢‡∏°‡∏≤‡∏Å‡πÜ
 ‚Ä¢ 8 ‡∏´‡πâ‡∏≠‡∏á‡∏ô‡∏≠‡∏ô 9 ‡∏´‡πâ‡∏≠‡∏á‡∏ô‡πâ‡∏≥
 ‚Ä¢ ‡∏°‡∏µ‡∏£‡∏∞‡πÄ‡∏ö‡∏µ‡∏¢‡∏á‡∏ó‡∏∏‡∏Å‡∏´‡πâ‡∏≠‡∏á
 ‚Ä¢ ‡∏°‡∏µ‡πÄ‡∏Ñ‡∏£‡∏∑‡πà‡∏≠‡∏á‡∏ó‡∏≥‡∏ô‡πâ‡∏≥‡∏≠‡∏∏‡πà‡∏ô‡∏ó‡∏∏‡∏Å‡∏´‡πâ‡∏≠‡∏á
 ‚Ä¢ ‡∏°‡∏µ‡πÄ‡∏Ñ‡∏£‡∏∑‡πà‡∏≠‡∏á‡∏ã‡∏±‡∏Å‡∏ú‡πâ‡∏≤‡πÅ‡∏•‡∏∞‡πÄ‡∏Ñ‡∏£‡∏∑‡πà‡∏≠‡∏á‡∏≠‡∏ö‡∏ú‡πâ‡∏≤‡∏û‡∏£‡πâ‡∏≠‡∏°
 ‚Ä¢ ‡∏°‡∏µ‡πÄ‡∏Ñ‡∏£‡∏∑‡πà‡∏≠‡∏á‡∏•‡πâ‡∏≤‡∏á‡∏à‡∏≤‡∏ô
 ‚Ä¢ ‡∏ä‡∏±‡πâ‡∏ô 1 ‡πÄ‡∏õ‡πá‡∏ô‡∏ó‡∏µ‡πà‡∏ô‡∏±‡πà‡∏á‡πÄ‡∏•‡πà‡∏ô‡∏û‡∏£‡πâ‡∏≠‡∏° ‡∏Ñ‡∏£‡∏±‡∏ß ‡∏ó‡∏±‡∏ô‡∏™‡∏°‡∏±‡∏¢ Modern ‡∏°‡∏≤‡∏Å‡πÜ",https://storage.googleapis.com/m8-prod.appspot.com/images_condo/09_06_2020_15_11_21_tn_Chayapa.jpg,TRUE,,TRUE,,,,,
15,BANGKOK HORIZON RATCHADA THAPHRA,"10,000",0,1,1,45,14,TRUE,TRUE,‡∏≠‡∏≤‡∏Ñ‡∏≤‡∏£ Hite ‡∏ä‡∏±‡πâ‡∏ô 19 ‡πÅ‡∏ö‡∏ö Type A 1‡∏´‡πâ‡∏≠‡∏á‡∏ô‡∏≠‡∏ô 1‡∏´‡πâ‡∏≠‡∏á‡∏ô‡πâ‡∏≥ 1‡∏´‡πâ‡∏≠‡∏á‡∏ô‡∏±‡πà‡∏á‡πÄ‡∏•‡πà‡∏ô ‡πÉ‡∏Å‡∏•‡πâ‡∏™‡∏ñ‡∏≤‡∏ô‡∏µ‡∏£‡∏ñ‡πÑ‡∏ü‡∏ü‡πâ‡∏≤BTS ‡∏ï‡∏•‡∏≤‡∏î‡∏û‡∏•‡∏π ‡∏ß‡∏¥‡∏ß‡∏™‡∏∞‡∏û‡∏≤‡∏ô‡∏Å‡∏£‡∏∏‡∏á‡πÄ‡∏ó‡∏û‡∏™‡∏ß‡∏¢‡∏°‡∏≤‡∏Å‡∏ï‡∏≠‡∏ô‡∏Å‡∏•‡∏≤‡∏á‡∏Ñ‡∏∑‡∏ô,"‡∏´‡πâ‡∏≠‡∏á‡πÉ‡∏´‡∏°‡πà‡∏ï‡∏Å‡πÅ‡∏ï‡πà‡∏á‡∏™‡πÑ‡∏•‡∏î‡πå‡πÄ‡∏£‡∏µ‡∏¢‡∏ö‡∏á‡πà‡∏≤‡∏¢‡∏ô‡πà‡∏≤‡∏≠‡∏¢‡∏π‡πà ‡πÄ‡∏î‡∏¥‡∏ô‡∏ó‡∏≤‡∏á‡∏™‡∏∞‡∏î‡∏ß‡∏Å‡∏Ñ‡∏≠‡∏ô‡πÇ‡∏î‡πÑ‡∏°‡πà‡∏ï‡πâ‡∏≠‡∏á‡πÄ‡∏Ç‡πâ‡∏≤‡∏ã‡∏≠‡∏¢ ‡∏õ‡∏•‡∏≠‡∏î‡∏†‡∏±‡∏¢‡πÅ‡∏ô‡πà‡∏ô‡∏≠‡∏ô
 ‡∏ä‡∏∏‡∏î‡∏Ñ‡∏£‡∏±‡∏ß Built-in ‡∏û‡∏£‡πâ‡∏≠‡∏°‡∏≠‡∏∏‡∏õ‡∏Å‡∏£‡∏ì‡πå 3 ‡∏£‡∏≤‡∏¢‡∏Å‡∏≤‡∏£ ‡∏õ‡∏£‡∏∞‡∏Å‡∏≠‡∏ö‡∏î‡πâ‡∏ß‡∏¢ ‡πÄ‡∏ï‡∏≤‡πÑ‡∏ü‡∏ü‡πâ‡∏≤ ‡πÄ‡∏Ñ‡∏£‡∏∑‡πà‡∏≠‡∏á‡∏î‡∏π‡∏î‡∏Ñ‡∏ß‡∏±‡∏ô ‡∏ã‡∏¥‡∏á‡∏Ñ‡πå‡∏•‡πâ‡∏≤‡∏á‡∏à‡∏≤‡∏ô‡∏û‡∏£‡πâ‡∏≠‡∏°‡∏Å‡πä‡∏≠‡∏Å‡∏ô‡πâ‡∏≥
 - ‡πÄ‡∏Ñ‡∏£‡∏∑‡πà‡∏≠‡∏á‡∏õ‡∏£‡∏±‡∏ö‡∏≠‡∏≤‡∏Å‡∏≤‡∏® 2 ‡πÄ‡∏Ñ‡∏£‡∏∑‡πà‡∏≠‡∏á ‡πÉ‡∏ô‡∏´‡πâ‡∏≠‡∏á‡∏ô‡∏≠‡∏ô ‡∏´‡πâ‡∏≠‡∏á‡∏ô‡∏±‡πà‡∏á‡πÄ‡∏•‡πà‡∏ô
 - ‡∏™‡∏∏‡∏Ç‡∏†‡∏±‡∏ì‡∏ë‡πå‡∏´‡πâ‡∏≠‡∏á‡∏ô‡πâ‡∏≥‡πÅ‡∏ö‡∏ö‡πÇ‡∏°‡πÄ‡∏î‡∏¥‡∏• ‡∏û‡∏£‡πâ‡∏≠‡∏°‡∏â‡∏≤‡∏Å‡∏Å‡∏±‡πâ‡∏ô‡∏≠‡∏≤‡∏ö‡∏ô‡πâ‡∏≥ ‡∏Å‡∏£‡∏∞‡∏à‡∏Å‡∏ô‡∏¥‡∏£‡∏†‡∏±‡∏¢ Tempered Glass
 - ‡πÄ‡∏ü‡∏≠‡∏£‡πå‡∏ô‡∏¥‡πÄ‡∏à‡∏≠‡∏£‡πå‡∏Ñ‡∏£‡∏ö‡∏ä‡∏∏‡∏î ‡πÄ‡∏ï‡∏µ‡∏¢‡∏á 5 ‡∏ü‡∏∏‡∏ï‡∏û‡∏£‡πâ‡∏≠‡∏°‡πÇ‡∏ï‡πä‡∏∞‡∏´‡∏±‡∏ß‡πÄ‡∏ï‡∏µ‡∏¢‡∏á 1 ‡∏ï‡∏±‡∏ß ‡∏ï‡∏π‡πâ‡πÄ‡∏™‡∏∑‡πâ‡∏≠‡∏ú‡πâ‡∏≤ Built in, ‡πÇ‡∏ï‡πä‡∏∞‡∏£‡∏±‡∏ö‡∏õ‡∏£‡∏∞‡∏ó‡∏≤‡∏ô‡∏≠‡∏≤‡∏´‡∏≤‡∏£ 2 ‡∏ó‡∏µ‡πà‡∏ô‡∏±‡πà‡∏á, ‡πÇ‡∏ã‡∏ü‡∏≤ 2 ‡∏ó‡∏µ‡πà‡∏ô‡∏±‡πà‡∏á, ‡∏ä‡∏±‡πâ‡∏ô‡∏ß‡∏≤‡∏á‡∏ó‡∏µ‡∏ß‡∏µ
 - ‡∏ó‡∏µ‡∏ß‡∏µ LCD 32""",https://storage.googleapis.com/m8-prod.appspot.com/images_condo/09_06_2020_11_23_23_tn_Sukpawan.jpg,TRUE,,TRUE,TRUE,,,,
16,Ideo Q Ratchathewi,0,"6,500,000",1,1,39,10,TRUE,TRUE,‡∏Ç‡∏≤‡∏¢‡∏´‡πâ‡∏≠‡∏á Ideo Q Ratchathewi ‡∏ä‡∏±‡πâ‡∏ô 25 ‡∏ó‡∏¥‡∏®‡πÉ‡∏ï‡πâ,"IdeoQ ‡∏£‡∏≤‡∏ä‡πÄ‡∏ó‡∏ß‡∏µ34 ‡∏ï‡∏£‡∏°
 ‡∏£‡∏≤‡∏Ñ‡∏≤ 6 ‡∏•‡πâ‡∏≤‡∏ô ‡πÑ‡∏°‡πà‡∏£‡∏ß‡∏°‡∏Ñ‡∏≠‡∏° ‡πÑ‡∏°‡πà‡∏£‡∏ß‡∏°‡∏Ñ‡πà‡∏≤‡πÉ‡∏ä‡πâ‡∏à‡πà‡∏≤‡∏¢ ‡∏Å‡∏£‡∏°‡∏ó‡∏µ‡πà‡∏î‡∏¥‡∏ô
 ‡∏´‡πâ‡∏≠‡∏á 515/210
 ‡∏ä‡∏±‡πâ‡∏ô25
 

 ‡∏ï‡∏£‡∏á‡∏Ç‡πâ‡∏≤‡∏°‡∏Å‡∏£‡∏°‡∏Å‡∏≤‡∏£‡∏û‡∏•‡∏±‡∏á‡∏á‡∏≤‡∏ô‡∏ó‡∏´‡∏≤‡∏£
 ‡∏à‡∏≤‡∏Å BTS ‡∏£‡∏≤‡∏ä‡πÄ‡∏ó‡∏ß‡∏µ 390 m.
 

 ‡∏°‡∏µ 
 1. ‡πÅ‡∏≠‡∏£‡πå 2 ‡∏ï‡∏±‡∏ß
 2.‡πÄ‡∏Ñ‡∏£‡∏∑‡πà‡∏≠‡∏á‡∏ã‡∏±‡∏Å‡∏ú‡πâ‡∏≤
 3.‡πÑ‡∏°‡πÇ‡∏Ñ‡∏£‡πÄ‡∏ß‡∏ü
 4.‡πÄ‡∏ï‡∏≤
 5.‡∏ï‡∏π‡πâ‡πÄ‡∏¢‡πá‡∏ô
 6.‡πÇ‡∏ã‡∏ü‡∏≤ ‡∏õ‡∏£‡∏±‡∏ö‡πÄ‡∏õ‡πá‡∏ô‡πÄ‡∏ï‡∏µ‡∏¢‡∏á‡∏ô‡∏≠‡∏ô‡πÑ‡∏î‡πâ
 7.‡∏ó‡∏µ‡∏ß‡∏µ
 8.‡∏û‡∏£‡πâ‡∏≠‡∏°‡∏ö‡∏¥‡πâ‡∏ß‡∏≠‡∏¥‡∏ô
 

 1 ‡∏´‡πâ‡∏≠‡∏á‡∏ô‡πâ‡∏≥ 1 ‡∏´‡πâ‡∏≠‡∏á‡∏ô‡πâ‡∏≥
 1‡∏´‡πâ‡∏≠‡∏á‡∏£‡∏±‡∏ö‡πÅ‡∏Ç‡∏Å
 ‡∏´‡πâ‡∏≠‡∏á‡∏´‡∏±‡∏ô‡∏´‡∏ô‡πâ‡∏≤‡∏ó‡∏¥‡∏®‡πÉ‡∏ï‡πâ",https://storage.googleapis.com/m8-prod.appspot.com/images_condo/04_06_2020_16_04_51_tn_Auttaporn.jpg,,TRUE,,,,,,
17,Fuse Chan-Sathorn Condo,"25,000",0,2,2,53,16,FALSE,TRUE,"‡∏≠‡∏≤‡∏Ñ‡∏≤‡∏£ B ‡∏ä‡∏±‡πâ‡∏ô 7 (‡∏ï‡∏Å‡πÅ‡∏ï‡πà‡∏á‡πÄ‡∏û‡∏¥‡πà‡∏°‡πÄ‡∏ï‡∏¥‡∏°‡∏≠‡∏≠‡∏Å‡πÅ‡∏ö‡∏ö‡∏™‡∏ß‡∏¢‡∏´‡∏£‡∏π)  
 ‡∏ü‡∏£‡∏µ‡∏Ñ‡πà‡∏≤‡∏™‡πà‡∏ß‡∏ô‡∏Å‡∏•‡∏≤‡∏á ‡∏™‡∏£‡∏∞‡∏ß‡πà‡∏≤‡∏¢‡∏ô‡πâ‡∏≥ 3 ‡∏™‡∏£‡∏∞ ‡∏ó‡∏µ‡πà‡∏à‡∏≠‡∏î‡∏£‡∏ñ ‡∏ü‡∏¥‡∏™‡πÄ‡∏ô‡∏ï ‡∏Ñ‡∏•‡∏±‡∏ö‡πÄ‡∏Æ‡∏≤‡∏™‡πå (‡πÄ‡∏ü‡∏≠‡∏£‡πå‡∏ô‡∏¥‡πÄ‡∏à‡∏≠‡∏£‡πå‡πÄ‡∏Ñ‡∏£‡∏∑‡πà‡∏≠‡∏á‡πÉ‡∏ä‡πâ‡πÑ‡∏ü‡∏ü‡πâ‡∏≤‡∏Ñ‡∏£‡∏ö)","Duplex 2 Bedroom Unit for Rent
 Fuse Chan Sathorn Duplex 2 Bedroom
 2 Bedroom Duplex Unit at Fuse Chan Sathorn Condo now available for Rent at 28,000 Baht/Month for a minimum one year contract.
 

 This 2 Bedroom Duplex Unit is 56 Sq.m of well used space. The unit comes fully furnished to a high standard and has a modern design and layout. Lower floor consists of the living room, dining area, and kitchen that is fully equipped with top brand name appliances. Upper floor has the 2 bedrooms both with high quality bedding and built in wardrobes and shelves. This unit is located on a middle floor with a beautiful view of the swimming pool.
 

 Fuse Chan Sathorn is a condominium project, developed by Pruksa Real Estate, located at Chan Sathorn. Construction of Fuse condo was completed in 2015. Condominium comprises of 3 buildings, having 31floors.
 

 Facilities include a large infinity edge swimming pool with spacious sundeck, Fully equipped fitness room with view of the pool and city, sauna and steam rooms, changing rooms, modern styled grand lobby, landscaped garden, children‚Äôs playground, mail boxes, function room, and a library. Other amenities include high speed elevators, 24 hour security, keycard system in place, and CCTV.
 

 Located in a excellent location on Chan Rd, easy access to the rest of Bangkok. Convenience stores can be found just minutes walk away. Schools and kindergarten can be reached in just 10 minutes",https://storage.googleapis.com/m8-prod.appspot.com/images_condo/07_06_2020_11_59_20_tn_Aof.jpg,,TRUE,,,,,,
18,The Origin Ram 209 Interchange,0,"45,000",1,1,32,12,TRUE,TRUE,"‡∏Ç‡∏≤‡∏¢‡∏î‡∏≤‡∏ß‡∏ô‡πå‡πÉ‡∏ö‡∏à‡∏≠‡∏á ‡∏Ñ‡∏≠‡∏ô‡πÇ‡∏î ‡∏î‡∏¥ ‡∏≠‡∏≠‡∏£‡∏¥‡∏à‡∏¥‡πâ‡∏ô ‡∏£‡∏≤‡∏° 209 ‡πÄ‡∏û‡∏µ‡∏¢‡∏á45,000 ‡∏ö‡∏≤‡∏ó +‡∏ó‡∏µ‡πà‡∏à‡πà‡∏≤‡∏¢‡πÑ‡∏õ‡∏Å‡πà‡∏≠‡∏ô‡∏´‡∏ô‡πâ‡∏≤ ‡∏ä‡∏±‡πâ‡∏ô 18 ‡∏ó‡∏¥‡∏®‡∏ï‡∏∞‡∏ß‡∏±‡∏ô‡∏≠‡∏≠‡∏Å (‡πÑ‡∏°‡πà‡∏ï‡∏¥‡∏î‡∏•‡∏¥‡∏ü‡∏ó‡πå ‡πÉ‡∏Å‡∏•‡πâ‡∏ö‡∏±‡∏ô‡πÑ‡∏î‡∏´‡∏ô‡∏µ‡πÑ‡∏ü) ‡πÄ‡∏à‡πâ‡∏≤‡∏Ç‡∏≠‡∏á‡∏Ç‡∏≤‡∏¢‡πÄ‡∏≠‡∏á","‡∏Ç‡∏≤‡∏¢‡∏î‡∏≤‡∏ß‡∏ô‡πå‡∏Ñ‡∏≠‡∏ô‡πÇ‡∏î ‡∏î‡∏¥‡∏≠‡∏≠‡∏£‡∏¥‡∏à‡∏¥‡πâ‡∏ô ‡∏£‡∏≤‡∏° 209 ‡∏≠‡∏¥‡∏ô‡πÄ‡∏ï‡∏≠‡∏£‡πå‡πÄ‡∏ä‡∏ô‡∏à‡πå ‡∏ä‡∏±‡πâ‡∏ô 18 25.50 ‡∏ï‡∏£‡∏°. ‡∏ï‡∏≥‡πÅ‡∏´‡∏ô‡πà‡∏á‡πÄ‡∏•‡∏Ç‡∏´‡πâ‡∏≠‡∏á 1828 ‡πÅ‡∏ö‡∏ö‡∏´‡πâ‡∏≠‡∏á B2-01M, 1 ‡∏´‡πâ‡∏≠‡∏á‡∏ô‡∏≠‡∏ô 1 ‡∏´‡πâ‡∏≠‡∏á‡∏ô‡πâ‡∏≥ ‡∏´‡πâ‡∏≠‡∏á‡∏ó‡∏¥‡∏®‡∏ï‡∏∞‡∏ß‡∏±‡∏ô‡∏≠‡∏≠‡∏Å ‡∏£‡∏≤‡∏Ñ‡∏≤‡∏ß‡∏±‡∏ô‡∏û‡∏£‡∏µ‡πÄ‡∏ã‡∏• ‡∏£‡∏≤‡∏Ñ‡∏≤‡∏´‡∏ô‡πâ‡∏≤‡∏™‡∏±‡∏ç‡∏ç‡∏≤ 2 ‡∏•‡πâ‡∏≤‡∏ô‡∏ö‡∏≤‡∏ó. ‡∏°‡∏µ‡∏™‡πà‡∏ß‡∏ô‡∏•‡∏î‡∏ß‡∏±‡∏ô‡πÇ‡∏≠‡∏ô 2 ‡πÅ‡∏™‡∏ô‡∏ö‡∏≤‡∏ó ‡∏Ç‡∏≤‡∏¢‡∏î‡∏≤‡∏ß‡∏ô‡πå‡∏ö‡∏ß‡∏Å‡πÄ‡∏û‡∏¥‡πà‡∏°‡∏à‡∏≤‡∏Å‡∏ó‡∏µ‡πà‡∏à‡πà‡∏≤‡∏¢‡πÑ‡∏õ‡πÅ‡∏•‡πâ‡∏ß 45,000 ‡∏ö. ‡∏Ç‡∏≠‡∏á‡πÅ‡∏ñ‡∏° 17 ‡∏£‡∏≤‡∏¢‡∏Å‡∏≤‡∏£ ‡πÄ‡∏ä‡πà‡∏ô ‡πÅ‡∏≠‡∏£‡πå 2 ‡∏ï‡∏±‡∏ß ‡πÄ‡∏Ñ‡∏£‡∏∑‡πà‡∏≠‡∏á‡∏ã‡∏±‡∏Å‡∏ú‡πâ‡∏≤‡πÅ‡∏ö‡∏ö‡∏ù‡∏≤‡∏´‡∏ô‡πâ‡∏≤ ‡πÇ‡∏ï‡πä‡∏∞ ‡∏ï‡∏π‡πâ‡πÄ‡∏™‡∏∑‡πâ‡∏≠‡∏ú‡πâ‡∏≤ ‡πÄ‡∏ï‡∏µ‡∏¢‡∏á‡∏ô‡∏≠‡∏ô Digital door lock ‡πÄ‡∏Ñ‡∏£‡∏∑‡πà‡∏≠‡∏á‡∏î‡∏π‡∏î‡∏≠‡∏≤‡∏Å‡∏≤‡∏® ‡πÄ‡∏õ‡πá‡∏ô‡∏ï‡πâ‡∏ô
 

 

 ‡∏™‡∏≠‡∏ö‡∏ñ‡∏≤‡∏°‡∏£‡∏≤‡∏¢‡∏•‡∏∞‡πÄ‡∏≠‡∏µ‡∏¢‡∏î Line : ya_koh ‡∏´‡∏£‡∏∑‡∏≠ 0863292543 ‡∏ç‡∏≤",https://storage.googleapis.com/m8-prod.appspot.com/images_condo/04_06_2020_00_09_55_tn_Aof.jpg,,,,,,,,
19,Bangkok Horizon Ratchada-Thapra,,0,1,1,33,9,TRUE,TRUE,,‡∏´‡πâ‡∏≠‡∏á‡πÉ‡∏´‡∏°‡πà..‡∏≠‡∏∏‡∏õ‡∏Å‡∏£‡∏ì‡πå‡πÅ‡∏•‡∏∞‡πÄ‡∏ü‡∏≠‡∏£‡πå‡∏ô‡∏¥‡πÄ‡∏à‡∏≠‡∏£‡πå‡∏Ñ‡∏£‡∏ö...‡∏°‡∏µ‡πÄ‡∏Ñ‡∏£‡∏∑‡πà‡∏≠‡∏á‡∏ó‡∏≥‡∏ô‡πâ‡∏≥‡∏≠‡∏∏‡πà‡∏ô ‡πÄ‡∏Ñ‡∏£‡∏∑‡πà‡∏≠‡∏á‡πÑ‡∏°‡πÇ‡∏Ñ‡∏£‡πÄ‡∏ß‡∏ü ‡∏ï‡∏π‡πâ‡πÄ‡∏¢‡πá‡∏ô ‡πÅ‡∏≠‡∏£‡πå 2‡πÄ‡∏Ñ‡∏£‡∏∑‡πà‡∏≠‡∏á ‡∏™‡∏±‡∏ç‡∏ç‡∏≤‡πÄ‡∏ä‡πà‡∏≤ 1‡∏õ‡∏µ ‡∏°‡∏µ‡∏£‡∏∞‡πÄ‡∏ö‡∏µ‡∏¢‡∏á ‡∏ß‡∏¥‡∏ß‡∏™‡∏ß‡∏¢ ‡∏´‡πá‡∏ô‡∏™‡∏∞‡∏û‡∏≤‡∏ô‡∏Å‡∏£‡∏∏‡∏á‡πÄ‡∏ó‡∏û,https://storage.googleapis.com/m8-prod.appspot.com/images_condo/08_06_2020_14_35_21_tn_Sunanta.jpg,,,,,,,,
20,Rizzo Condo,0,"1,690,000",1,1,42,23,TRUE,FALSE,‡∏Ç‡∏≤‡∏¢‡∏Ñ‡∏≠‡∏ô‡πÇ‡∏î RIZZO CONDO ‡∏ö‡∏≤‡∏á‡∏Å‡∏£‡πà‡∏≤‡∏á-‡∏£‡∏≤‡∏ä‡∏û‡∏§‡∏Å‡∏©‡πå (‡∏ï‡∏¥‡∏î‡∏ï‡∏•‡∏≤‡∏î‡πÄ‡∏à‡πâ‡∏≤‡∏û‡∏£‡∏∞‡∏¢‡∏≤ ‡πÉ‡∏Å‡∏•‡πâ‡πÇ‡∏£‡∏á‡πÄ‡∏£‡∏µ‡∏¢‡∏ô‡∏≤‡∏ô‡∏≤‡∏ä‡∏≤‡∏ï‡∏¥‡∏£‡πà‡∏ß‡∏°‡∏§‡∏î‡∏µ) ‡∏™‡∏£‡πâ‡∏≤‡∏á‡πÄ‡∏™‡∏£‡πá‡∏à‡πÅ‡∏•‡πâ‡∏ß‡∏™‡∏≤‡∏°‡∏≤‡∏£‡∏ñ‡πÄ‡∏Ç‡πâ‡∏≤‡∏≠‡∏¢‡∏π‡πà‡πÑ‡∏î‡πâ‡∏ó‡∏±‡∏ô‡∏ó‡∏µ,"‡∏Ç‡∏≤‡∏¢‡∏´‡πâ‡∏≠‡∏á 412, 423 ‡∏ä‡∏±‡πâ‡∏ô 4 / ‡∏´‡πâ‡∏≠‡∏á 523 ‡∏ä‡∏±‡πâ‡∏ô 5 ‡∏û‡∏∑‡πâ‡∏ô‡∏ó‡∏µ‡πà 32 ‡∏ï‡∏£‡∏°. ‡πÄ‡∏û‡∏î‡∏≤‡∏ô‡∏™‡∏π‡∏á 3 ‡πÄ‡∏°‡∏ï‡∏£ ‡∏†‡∏≤‡∏¢‡πÉ‡∏ô‡∏´‡πâ‡∏≠‡∏á‡∏Å‡∏±‡πâ‡∏ô‡∏´‡πâ‡∏≠‡∏á‡∏£‡∏±‡∏ö‡πÅ‡∏Ç‡∏Å ‡∏´‡πâ‡∏≠‡∏á‡∏ô‡∏≠‡∏ô ‡∏´‡πâ‡∏≠‡∏á‡∏ô‡πâ‡∏≥ ‡∏´‡πâ‡∏≠‡∏á‡∏Ñ‡∏£‡∏±‡∏ß ‡∏≠‡∏≠‡∏Å‡πÄ‡∏õ‡πá‡∏ô‡∏™‡∏±‡∏î‡∏™‡πà‡∏ß‡∏ô‡∏≠‡∏¢‡πà‡∏≤‡∏á‡∏•‡∏á‡∏ï‡∏±‡∏ß ‡∏°‡∏µ‡∏£‡∏∞‡πÄ‡∏ö‡∏µ‡∏¢‡∏á ‡∏†‡∏≤‡∏¢‡πÉ‡∏ô‡∏´‡πâ‡∏≠‡∏á‡∏Å‡∏ß‡πâ‡∏≤‡∏á‡∏Ç‡∏ß‡∏≤‡∏á ‡∏°‡∏µ‡πÄ‡∏ü‡∏≠‡∏£‡πå‡∏ô‡∏¥‡πÄ‡∏à‡∏≠‡∏£‡πå‡∏Ñ‡∏£‡∏ö‡∏Ñ‡∏£‡∏±‡∏ô ‡∏°‡∏µ‡πÅ‡∏≠‡∏£‡πå 2 ‡πÄ‡∏Ñ‡∏£‡∏∑‡πà‡∏≠‡∏á ‡∏ß‡∏¥‡∏ß‡∏™‡∏£‡∏∞‡∏ß‡πà‡∏≤‡∏¢‡∏ô‡πâ‡∏≥ ‡∏´‡πâ‡∏≠‡∏á‡πÉ‡∏´‡∏°‡πà‡∏û‡∏£‡πâ‡∏≠‡∏°‡πÄ‡∏Ç‡πâ‡∏≤‡∏≠‡∏¢‡∏π‡πà
 

 ‡∏Ñ‡∏≠‡∏ô‡πÇ‡∏î 8 ‡∏ä‡∏±‡πâ‡∏ô ‡∏°‡∏µ‡∏™‡∏£‡∏∞‡∏ß‡πà‡∏≤‡∏¢‡∏ô‡πâ‡∏≥ ‡πÅ‡∏•‡∏∞‡∏ü‡∏¥‡∏ï‡πÄ‡∏ô‡∏™ ‡∏≠‡∏¢‡∏π‡πà‡∏ä‡∏±‡πâ‡∏ô 3 ‡∏™‡∏¥‡πà‡∏á‡∏≠‡∏≥‡∏ô‡∏ß‡∏¢‡∏Ñ‡∏ß‡∏≤‡∏°‡∏™‡∏∞‡∏î‡∏ß‡∏Å‡πÑ‡∏î‡πâ‡πÅ‡∏Å‡πà ‡∏•‡∏¥‡∏ü‡∏ï‡πå ‡∏Ñ‡∏µ‡∏¢‡πå‡∏Å‡∏≤‡∏£‡πå‡∏î ‡∏£‡∏õ‡∏†. ‡∏ó‡∏µ‡πà‡∏à‡∏≠‡∏î‡∏£‡∏ñ 
 

 ‡∏Å‡∏≤‡∏£‡πÄ‡∏î‡∏¥‡∏ô‡∏ó‡∏≤‡∏á‡∏™‡∏∞‡∏î‡∏ß‡∏Å‡∏™‡∏≤‡∏°‡∏≤‡∏£‡∏ñ‡πÄ‡∏î‡∏¥‡∏ô‡∏ó‡∏≤‡∏á‡∏≠‡∏≠‡∏Å‡∏ñ‡∏ô‡∏ô‡∏£‡∏≤‡∏ä‡∏û‡∏§‡∏Å‡∏©‡πå ‡∏ñ‡∏ô‡∏ô‡∏£‡∏±‡∏ï‡∏ô‡∏≤‡∏ò‡∏¥‡πÄ‡∏ö‡∏®‡∏£‡πå ‡∏ñ‡∏ô‡∏ô‡∏á‡∏≤‡∏°‡∏ß‡∏á‡∏®‡πå‡∏ß‡∏≤‡∏ô ‡πÅ‡∏•‡∏∞‡∏ñ‡∏ô‡∏ô‡∏ô‡∏Ñ‡∏£‡∏≠‡∏¥‡∏ô‡∏ó‡∏£‡πå ‡πÉ‡∏Å‡∏•‡πâ‡∏™‡∏ñ‡∏≤‡∏ô‡∏µ‡∏£‡∏ñ‡πÑ‡∏ü‡∏ü‡πâ‡∏≤‡∏™‡∏≤‡∏¢‡∏™‡∏µ‡∏°‡πà‡∏ß‡∏á
 

 ‡∏™‡∏ñ‡∏≤‡∏ô‡∏ó‡∏µ‡πà‡πÉ‡∏Å‡∏•‡πâ‡πÄ‡∏Ñ‡∏µ‡∏¢‡∏á : ‡∏ï‡∏•‡∏≤‡∏î‡πÄ‡∏à‡πâ‡∏≤‡∏û‡∏£‡∏∞‡∏¢‡∏≤, ‡∏™‡∏ñ‡∏≤‡∏ô‡∏µ‡∏ï‡∏≥‡∏£‡∏ß‡∏à‡∏†‡∏π‡∏ò‡∏£‡∏ö‡∏≤‡∏á‡∏®‡∏£‡∏µ‡πÄ‡∏°‡∏∑‡∏≠‡∏á, ‡πÇ‡∏£‡∏á‡πÄ‡∏£‡∏µ‡∏¢‡∏ô‡πÄ‡∏ï‡∏£‡∏µ‡∏¢‡∏°‡∏≠‡∏∏‡∏î‡∏°‡∏®‡∏∂‡∏Å‡∏©‡∏≤‡∏û‡∏±‡∏í‡∏ô‡∏≤‡∏Å‡∏≤‡∏£‡∏ô‡∏ô‡∏ó‡∏ö‡∏∏‡∏£‡∏µ, ‡πÇ‡∏£‡∏á‡πÄ‡∏£‡∏µ‡∏¢‡∏ô‡∏ô‡∏≤‡∏ô‡∏≤‡∏ä‡∏≤‡∏ï‡∏¥‡∏£‡πà‡∏ß‡∏°‡∏§‡∏î‡∏µ, ‡∏™‡∏ñ‡∏≤‡∏ô‡∏µ‡∏£‡∏ñ‡πÑ‡∏ü‡∏ü‡πâ‡∏≤‡∏™‡∏≤‡∏¢‡∏™‡∏µ‡∏°‡πà‡∏ß‡∏á, ‡∏ß‡∏±‡∏î‡∏™‡∏ß‡∏ô‡πÅ‡∏Å‡πâ‡∏ß, ‡πÇ‡∏Æ‡∏°‡πÇ‡∏õ‡∏£‡∏£‡∏≤‡∏ä‡∏û‡∏§‡∏Å‡∏©‡πå, The Walk ‡∏£‡∏≤‡∏ä‡∏û‡∏§‡∏Å‡∏©‡πå",https://storage.googleapis.com/m8-prod.appspot.com/images_condo/08_06_2020_13_46_19_tn_99.jpg,,,,,,,,
21,Lumpini Ville Prachachuen-Phongphet 2,0,"1,900,000",1,1,39,19,TRUE,TRUE,‡∏•‡∏∏‡∏°‡∏û‡∏¥‡∏ô‡∏µ‡∏ß‡∏¥‡∏ß‡∏•‡πå ‡∏õ‡∏£‡∏∞‡∏ä‡∏≤‡∏ä‡∏∑‡πà‡∏ô-‡∏û‡∏á‡∏©‡πå‡πÄ‡∏û‡∏ä‡∏£2,"üåü ‡∏•‡∏∏‡∏°‡∏û‡∏¥‡∏ô‡∏µ‡∏ß‡∏¥‡∏ß‡∏•‡πå ‡∏õ‡∏£‡∏∞‡∏ä‡∏≤‡∏ä‡∏∑‡πà‡∏ô-‡∏û‡∏á‡∏©‡πå‡πÄ‡∏û‡∏ä‡∏£ 2 üåü
 .
 ‡∏Ç‡∏≤‡∏¢‡∏î‡πà‡∏ß‡∏ô ‡∏Ñ‡∏≠‡∏ô‡πÇ‡∏î ‡∏£‡∏≤‡∏Ñ‡∏≤‡∏û‡∏¥‡πÄ‡∏®‡∏©
 üî•Hot Priceüî• ‡πÉ‡∏ô‡∏ó‡∏≥‡πÄ‡∏•‡∏ó‡∏≠‡∏á ‡∏ó‡∏µ‡πà‡∏≠‡∏¢‡∏≤‡∏Å‡πÉ‡∏´‡πâ‡∏Ñ‡∏∏‡∏ì‡∏à‡∏±‡∏ö‡∏à‡∏≠‡∏á
 .
 ‡∏Ñ‡∏≠‡∏ô‡πÇ‡∏î‡∏î‡∏µ‡πÜ ‡∏™‡∏ñ‡∏≤‡∏ô‡∏ó‡∏µ‡πà‡∏î‡∏µ‡πÜ ‡∏ó‡∏≥‡πÄ‡∏•‡∏î‡∏µ‡πÜ ‡πÉ‡∏ô‡∏£‡∏≤‡∏Ñ‡∏≤‡∏à‡∏±‡∏ö‡∏ï‡πâ‡∏≠‡∏á‡πÑ‡∏î‡πâ
 ‡πÄ‡∏û‡∏µ‡∏¢‡∏á 1,900,000‡∏ø
 .
 ‡∏Ñ‡∏≠‡∏ô‡πÇ‡∏î‡∏ó‡∏µ‡πà‡πÄ‡∏´‡∏°‡∏≤‡∏∞‡∏Å‡∏±‡∏ö‡∏Ñ‡∏π‡πà‡∏£‡∏±‡∏Å ‡∏´‡∏£‡∏∑‡∏≠‡∏ú‡∏π‡πâ‡∏ó‡∏µ‡πà‡∏Å‡∏≥‡∏•‡∏±‡∏á‡πÄ‡∏£‡∏¥‡πà‡∏°‡∏ï‡πâ‡∏ô‡∏ä‡∏µ‡∏ß‡∏¥‡∏ï‡∏Å‡∏≤‡∏£‡∏ó‡∏≥‡∏á‡∏≤‡∏ô
 üë´‡∏´‡∏£‡∏∑‡∏≠‡∏ï‡πâ‡∏≠‡∏á‡∏Å‡∏≤‡∏£‡∏°‡∏µ‡∏Ñ‡∏≠‡∏ô‡πÇ‡∏î‡∏´‡πâ‡∏≠‡∏á‡πÅ‡∏£‡∏Å‡πÉ‡∏ô‡∏ä‡∏µ‡∏ß‡∏¥‡∏ï
 .
 ‡∏Ç‡∏ô‡∏≤‡∏î‡∏´‡πâ‡∏≠‡∏á 30.26 ‡∏ï‡∏£.‡∏° ‡∏ä‡∏±‡πâ‡∏ô 17 ‡∏≠‡∏≤‡∏Ñ‡∏≤‡∏£ A
 ‡∏£‡∏∞‡πÄ‡∏ö‡∏µ‡∏¢‡∏á‡∏´‡∏±‡∏ô‡∏ó‡∏¥‡∏®‡∏ï‡∏∞‡∏ß‡∏±‡∏ô‡∏≠‡∏≠‡∏Å‡πÄ‡∏â‡∏µ‡∏¢‡∏á‡πÄ‡∏´‡∏ô‡∏∑‡∏≠
 ‡πÅ‡∏î‡∏î‡πÑ‡∏°‡πà‡∏£‡πâ‡∏≠‡∏ô ‡∏ß‡∏¥‡∏ß‡∏™‡∏ß‡∏¢üåà
 .
 ‡∏î‡πâ‡∏ß‡∏¢‡∏Ñ‡∏ß‡∏≤‡∏°‡∏™‡∏∞‡∏î‡∏ß‡∏Å‡∏î‡πâ‡∏≤‡∏ô‡∏Å‡∏≤‡∏£‡πÄ‡∏î‡∏¥‡∏ô‡∏ó‡∏≤‡∏á
 ‡∏ó‡∏µ‡πà‡∏™‡∏≤‡∏°‡∏≤‡∏£‡∏ñ‡πÉ‡∏ä‡πâ‡∏Å‡∏≤‡∏£‡πÄ‡∏î‡∏¥‡∏ô‡∏ó‡∏≤‡∏á‡πÑ‡∏î‡πâ‡∏ó‡∏∏‡∏Å‡∏£‡∏π‡∏õ‡πÅ‡∏ö‡∏ö‡∏à‡∏≤‡∏Å‡∏£‡∏≠‡∏ö‡∏Ñ‡∏≠‡∏ô‡πÇ‡∏î
 ‡∏ó‡∏±‡πâ‡∏á‡∏ó‡∏≤‡∏á‡∏î‡πà‡∏ß‡∏ô‡∏á‡∏≤‡∏°‡∏ß‡∏á‡∏®‡πå‡∏ß‡∏≤‡∏ô üöà‡∏£‡∏ñ‡πÑ‡∏ü‡∏ü‡πâ‡∏≤‡∏™‡∏≤‡∏¢‡∏™‡∏µ‡∏°‡πà‡∏ß‡∏á
 ‡∏£‡∏ñ‡πÑ‡∏ü‡∏ü‡πâ‡∏≤‡∏™‡∏≤‡∏¢‡∏™‡∏µ‡πÅ‡∏î‡∏á ‡πÄ‡∏£‡∏∑‡∏≠‡∏î‡πà‡∏ß‡∏ô‡πÄ‡∏à‡πâ‡∏≤‡∏û‡∏£‡∏∞‡∏¢‡∏≤‡∏™‡∏∞‡∏û‡∏≤‡∏ô‡∏û‡∏£‡∏∞‡∏£‡∏≤‡∏°7
 ‡πÅ‡∏•‡∏∞üö§‡∏ó‡πà‡∏≤‡∏ô‡πâ‡∏≥‡∏ô‡∏ô‡∏ó‡πå ‡πÄ‡∏ô‡∏∑‡πà‡∏≠‡∏á‡∏à‡∏≤‡∏Å‡∏Ñ‡∏≠‡∏ô‡πÇ‡∏î‡∏≠‡∏¢‡∏π‡πà‡πÉ‡∏Å‡∏•‡πâ‡∏Å‡∏±‡∏ö
 .
 ‚ñ™ MRT‡∏®‡∏π‡∏ô‡∏¢‡πå‡∏£‡∏≤‡∏ä‡∏Å‡∏≤‡∏£‡∏ô‡∏ô‡∏ó‡∏ö‡∏∏‡∏£‡∏µ
 ‚ñ™ MRT‡∏ö‡∏≤‡∏á‡∏ã‡πà‡∏≠‡∏ô
 ‚ñ™ ‡∏™‡∏ñ‡∏≤‡∏ô‡∏µ‡∏£‡∏ñ‡πÑ‡∏ü‡∏ü‡πâ‡∏≤‡∏™‡∏≤‡∏¢‡∏™‡∏µ‡πÅ‡∏î‡∏á ‡πÄ‡∏ä‡∏∑‡πà‡∏≠‡∏°‡∏ï‡πà‡∏≠ ‡∏™‡∏ñ‡∏≤‡∏ô‡∏µ‡∏ö‡∏≤‡∏á‡∏ã‡πà‡∏≠‡∏ô
 ‚ñ™ ‡∏™‡∏ñ‡∏≤‡∏ô‡∏µ‡∏£‡∏ñ‡πÑ‡∏ü‡∏ü‡πâ‡∏≤‡∏™‡∏≤‡∏¢‡∏™‡∏µ‡πÅ‡∏î‡∏á ‡∏™‡∏ñ‡∏≤‡∏ô‡∏µ‡∏ö‡∏≤‡∏á‡πÄ‡∏Ç‡∏ô
 ‚ñ™ ‡∏ó‡πà‡∏≤‡πÄ‡∏£‡∏∑‡∏≠‡∏™‡∏∞‡∏û‡∏≤‡∏ô‡∏û‡∏£‡∏∞‡∏£‡∏≤‡∏°7
 ‚ñ™ ‡∏ó‡πà‡∏≤‡πÄ‡∏£‡∏∑‡∏≠ ‡∏ó‡πà‡∏≤‡∏ô‡πâ‡∏≥‡∏ô‡∏ô‡∏ó‡πå
 ‚ñ™ ‡∏ó‡∏≤‡∏á‡∏î‡πà‡∏ß‡∏ô‡∏á‡∏≤‡∏°‡∏ß‡∏á‡∏®‡πå‡∏ß‡∏≤‡∏ô
 .
 ‡∏ô‡∏≠‡∏Å‡∏à‡∏≤‡∏Å‡∏Å‡∏≤‡∏£‡πÄ‡∏î‡∏ô‡∏ó‡∏≤‡∏á‡∏ó‡∏µ‡πà‡∏™‡∏∞‡∏î‡∏ß‡∏Å‡∏™‡∏ö‡∏≤‡∏¢ Landmark ‡∏™‡∏≥‡∏Ñ‡∏±‡∏ç
 ‡∏ó‡∏µ‡πà‡∏≠‡∏¢‡∏π‡πà‡πÉ‡∏Å‡∏•‡πâ‡∏Å‡∏±‡∏ö‡∏Ñ‡∏≠‡∏ô‡πÇ‡∏î ‡∏Å‡πá‡∏™‡∏£‡πâ‡∏≤‡∏á‡∏Ñ‡∏ß‡∏≤‡∏°‡∏™‡∏∞‡∏î‡∏ß‡∏Å‡∏™‡∏ö‡∏≤‡∏¢ üòÅ
 ‡πÅ‡∏•‡∏∞‡∏£‡∏≠‡∏á‡∏£‡∏±‡∏ö Lifestyle ‡∏Ç‡∏≠‡∏á‡∏Å‡∏≤‡∏£‡πÉ‡∏ä‡πâ‡∏ä‡∏µ‡∏ß‡∏¥‡∏ï‡πÑ‡∏î‡πâ‡∏ó‡∏∏‡∏Å‡∏£‡∏π‡∏õ‡πÅ‡∏ö‡∏ö‡πÄ‡∏ä‡πà‡∏ô‡∏Å‡∏±‡∏ô ‡πÄ‡∏ô‡∏∑‡πà‡∏≠‡∏á‡∏à‡∏≤‡∏Å‡∏≠‡∏¢‡∏π‡πà‡πÉ‡∏Å‡∏•‡πâ‡∏Å‡∏±‡∏ö
 .
 #TheMall‡∏á‡∏≤‡∏°‡∏ß‡∏á‡∏®‡πå‡∏ß‡∏≤‡∏ô
 #TescoLotus‡∏á‡∏≤‡∏°‡∏ß‡∏á‡∏®‡πå‡∏ß‡∏≤‡∏ô
 #HomePro‡∏õ‡∏£‡∏∞‡∏ä‡∏≤‡∏ä‡∏∑‡πà‡∏ô
 #‡∏°‡∏´‡∏≤‡∏ß‡∏¥‡∏ó‡∏¢‡∏≤‡∏•‡∏±‡∏¢‡∏ò‡∏∏‡∏£‡∏Å‡∏¥‡∏à‡∏ö‡∏±‡∏ì‡∏ë‡∏¥‡∏ï
 #‡∏°‡∏´‡∏≤‡∏ß‡∏¥‡∏ó‡∏¢‡∏≤‡∏•‡∏±‡∏¢‡πÄ‡∏Å‡∏©‡∏ï‡∏£‡∏®‡∏≤‡∏™‡∏ï‡∏£‡πå
 #‡∏£‡∏ñ‡πÑ‡∏ü‡∏ü‡πâ‡∏≤‡∏™‡∏≤‡∏¢‡∏™‡∏µ‡πÅ‡∏î‡∏á
 #‡∏û‡∏±‡∏ô‡∏ó‡∏¥‡∏û‡∏¢‡πå‡∏û‡∏•‡∏≤‡∏ã‡πà‡∏≤‡∏á‡∏≤‡∏°‡∏ß‡∏á‡∏®‡πå‡∏ß‡∏≤‡∏ô
 #Esplanade‡πÅ‡∏Ñ‡∏£‡∏≤‡∏¢
 .
 Highlight ‡∏™‡∏≥‡∏Ñ‡∏±‡∏ç‡∏Ñ‡∏∑‡∏≠‡∏†‡∏≤‡∏¢‡πÉ‡∏ô‡∏´‡πâ‡∏≠‡∏á ‡∏ó‡∏µ‡πà‡∏ñ‡∏π‡∏Å‡∏£‡∏±‡∏Å‡∏©‡∏≤üíì
 ‡πÅ‡∏•‡∏∞‡∏ó‡∏≥‡∏Ñ‡∏ß‡∏≤‡∏°‡∏™‡∏∞‡∏≠‡∏≤‡∏î‡∏ï‡∏•‡∏≠‡∏î‡πÄ‡∏ß‡∏•‡∏≤ ‡∏ó‡∏≥‡πÉ‡∏´‡πâ‡∏´‡πâ‡∏≠‡∏á‡∏¢‡∏±‡∏á‡πÉ‡∏´‡∏°‡πà‡∏≠‡∏¢‡∏π‡πà‡∏ï‡∏•‡∏≠‡∏î ‡∏™‡∏ß‡∏ô‡∏ó‡∏≤‡∏á‡∏Å‡∏±‡∏ö‡∏£‡∏≤‡∏Ñ‡∏≤‡∏ó‡∏µ‡πà‡∏ñ‡∏π‡∏Å‚úÖ ‡∏à‡∏ô‡πÄ‡∏Å‡∏∑‡∏≠‡∏ö‡∏ï‡πà‡∏≥‡∏Å‡∏ß‡πà‡∏≤‡∏£‡∏≤‡∏Ñ‡∏≤‡∏ï‡∏•‡∏≤‡∏î
 ‡∏û‡∏£‡πâ‡∏≠‡∏°‡∏Ç‡∏≠‡∏á‡πÅ‡∏ñ‡∏°‡∏û‡∏∑‡πâ‡∏ô‡∏ê‡∏≤‡∏ô‡∏†‡∏≤‡∏¢‡πÉ‡∏ô‡∏´‡πâ‡∏≠‡∏á‡∏Ñ‡∏ö‡∏ñ‡πâ‡∏ß‡∏ô ‡πÄ‡∏ä‡πà‡∏ô
 üî∏ ‡πÇ‡∏ã‡∏ü‡∏≤
 üî∏ ‡πÄ‡∏Ñ‡∏£‡∏∑‡πà‡∏≠‡∏á‡∏ó‡∏≥‡∏ô‡πâ‡∏≥‡∏≠‡∏∏‡πà‡∏ô
 üî∏ ‡∏ï‡∏π‡πâ‡πÄ‡∏Å‡πá‡∏ö‡∏Ç‡∏≠‡∏á‡πÇ‡∏ã‡∏ô‡∏Ñ‡∏£‡∏±‡∏ß
 üî∏ ‡∏ã‡∏¥‡πâ‡∏á‡∏•‡πâ‡∏≤‡∏á‡∏à‡∏≤‡∏ô
 üî∏ ‡πÄ‡∏ï‡∏µ‡∏¢‡∏áKingsize
 üî∏ ‡∏ï‡∏π‡πâ‡πÄ‡∏™‡∏∑‡πâ‡∏≠‡∏ú‡πâ‡∏≤‡∏Ç‡∏ô‡∏≤‡∏î‡πÉ‡∏´‡∏ç‡πà
 üî∏ Build-in ‡πÇ‡∏ã‡∏ô‡∏Ñ‡∏£‡∏±‡∏ß
 ‡∏ô‡∏≠‡∏Å‡∏à‡∏≤‡∏Å‡∏ô‡∏±‡πâ‡∏ô‡∏¢‡∏±‡∏á‡∏°‡∏µ‡∏Ç‡∏≠‡∏á‡πÄ‡πÄ‡∏ñ‡∏°‡∏≠‡∏µ‡∏Å‡∏°‡∏≤‡∏Å‡∏°‡∏≤‡∏¢
 .
 ‡∏≠‡∏µ‡∏Å‡∏´‡∏ô‡∏∂‡πà‡∏á Highlight ‡∏ó‡∏µ‡πà‡∏à‡∏∞‡∏£‡∏≠‡∏á‡∏£‡∏±‡∏ö‡∏Å‡∏≤‡∏£‡∏û‡∏±‡∏Å‡∏ú‡πà‡∏≠‡∏ô
 ‡πÅ‡∏•‡∏∞‡∏£‡∏≠‡∏á‡∏£‡∏±‡∏ö Lifestyle ‡πÑ‡∏î‡πâ‡∏≠‡∏¢‡πà‡∏≤‡∏á‡∏Ñ‡∏£‡∏ö‡∏ñ‡πâ‡∏ß‡∏ô ‡∏Ñ‡∏∑‡∏≠ Facility
 ‡∏†‡∏≤‡∏¢‡πÉ‡∏ô‡πÇ‡∏Ñ‡∏£‡∏á‡∏Å‡∏≤‡∏£ ‡∏ó‡∏µ‡πà‡∏°‡∏µ..
 üîπ Fitness
 üîπ Libery room
 üîπ Laundry room
 üîπ ‡∏™‡∏ß‡∏ô‡∏´‡∏¢‡πà‡∏≠‡∏°
 üîπ ‡∏™‡∏£‡∏∞‡∏ß‡πà‡∏≤‡∏¢‡∏ô‡πâ‡∏≥
 üîπ ‡∏£‡πâ‡∏≤‡∏ô‡∏≠‡∏≤‡∏´‡∏≤‡∏£‡∏†‡∏≤‡∏¢‡πÉ‡∏ô‡πÇ‡∏Ñ‡∏£‡∏á‡∏Å‡∏≤‡∏£
 üîπ ‡∏™‡∏ô‡∏≤‡∏°‡πÄ‡∏î‡πá‡∏Å‡πÄ‡∏•‡πà‡∏ô
 üîπ ‡∏ó‡∏µ‡πà‡∏à‡∏≠‡∏î‡∏£‡∏ñ‡πÄ‡∏Å‡∏∑‡∏≠‡∏ö 600 ‡∏Ñ‡∏±‡∏ô
 üîπ ‡∏£‡πâ‡∏≤‡∏ô‡∏™‡∏∞‡∏î‡∏ß‡∏Å‡∏ã‡∏∑‡πâ‡∏≠‡∏†‡∏≤‡∏¢‡πÉ‡∏ô‡πÇ‡∏Ñ‡∏£‡∏á‡∏Å‡∏≤‡∏£
 ----------------------------------------
 ++‡∏™‡∏≠‡∏ö‡∏ñ‡∏≤‡∏°‡∏£‡∏≤‡∏¢‡∏•‡∏∞‡πÄ‡∏≠‡∏µ‡∏¢‡∏î ‡∏´‡∏£‡∏∑‡∏≠‡∏ô‡∏±‡∏î‡∏ä‡∏°‡∏´‡πâ‡∏≠‡∏á++
  063-535-5966
  095-295-2588
  064-341-8662",https://storage.googleapis.com/m8-prod.appspot.com/images_condo/09_06_2020_16_28_48_tn_LINEID:natnayah1.jpg,,,,,,,,
22,Baan Klang Muang Rama 9 Ramkhamhaeng,0,"7,650,000",3,3,64,9,TRUE,TRUE,‡πÄ‡∏õ‡πá‡∏ô‡∏ö‡πâ‡∏≤‡∏ô‡∏´‡∏•‡∏±‡∏á‡∏°‡∏∏‡∏° ‡∏ó‡∏µ‡πà‡∏°‡∏µ‡∏£‡∏π‡∏õ‡∏ó‡∏£‡∏á‡∏Ç‡∏≠‡∏á‡∏î‡πâ‡∏≤‡∏ô‡∏´‡∏•‡∏±‡∏á‡∏Å‡∏ß‡πâ‡∏≤‡∏á‡∏Å‡∏ß‡πà‡∏≤‡∏î‡πâ‡∏≤‡∏ô‡∏´‡∏ô‡πâ‡∏≤ ‡∏û‡∏£‡πâ‡∏≠‡∏°‡πÇ‡∏≠‡∏ô,"‡∏Ç‡∏≤‡∏¢‡∏ó‡∏≤‡∏ß‡∏ô‡πå‡πÇ‡∏Æ‡∏°‡∏û‡∏£‡πâ‡∏≠‡∏°‡∏≠‡∏¢‡∏π‡πà 3 ‡∏ä‡∏±‡πâ‡∏ô ‡πÇ‡∏Ñ‡∏£‡∏á‡∏Å‡∏≤‡∏£‡∏ö‡πâ‡∏≤‡∏ô‡∏Å‡∏•‡∏≤‡∏á‡πÄ‡∏°‡∏∑‡∏≠‡∏á‡∏û‡∏£‡∏∞‡∏£‡∏≤‡∏°9-‡∏£‡∏≤‡∏°‡∏Ñ‡∏≥‡πÅ‡∏´‡∏á
 # ‡∏•‡∏±‡∏Å‡∏©‡∏ì‡∏∞‡∏Ç‡∏≠‡∏á‡∏ó‡∏µ‡πà‡∏≠‡∏¢‡∏π‡πà‡∏≠‡∏≤‡∏®‡∏±‡∏¢ #
 ‡πÄ‡∏õ‡πá‡∏ô‡∏ö‡πâ‡∏≤‡∏ô‡∏´‡∏•‡∏±‡∏á‡∏°‡∏∏‡∏° ‡∏ó‡∏µ‡πà‡∏°‡∏µ‡∏£‡∏π‡∏õ‡∏ó‡∏£‡∏á‡∏Ç‡∏≠‡∏á‡∏î‡πâ‡∏≤‡∏ô‡∏´‡∏•‡∏±‡∏á‡∏Å‡∏ß‡πâ‡∏≤‡∏á‡∏Å‡∏ß‡πà‡∏≤‡∏î‡πâ‡∏≤‡∏ô‡∏´‡∏ô‡πâ‡∏≤ ‡∏ï‡∏≤‡∏°‡∏´‡∏•‡∏±‡∏Å‡∏Æ‡∏ß‡∏á‡∏à‡∏∏‡πâ‡∏¢ ‡πÄ‡∏£‡∏µ‡∏¢‡∏Å‡∏•‡∏±‡∏Å‡∏©‡∏ì‡∏∞‡∏ô‡∏µ‡πâ‡∏ß‡πà‡∏≤ ‡∏£‡∏π‡∏õ‡∏ó‡∏£‡∏á‡∏ñ‡∏∏‡∏á‡∏ó‡∏≠‡∏á ‡∏ã‡∏∂‡πà‡∏á‡∏ñ‡∏∑‡∏≠‡∏ß‡πà‡∏≤‡πÄ‡∏õ‡πá‡∏ô‡∏•‡∏±‡∏Å‡∏©‡∏ì‡∏∞‡∏ó‡∏µ‡πà‡∏î‡∏µ ‡∏ú‡∏π‡πâ‡∏ó‡∏µ‡πà‡∏≠‡∏¢‡∏π‡πà‡∏≠‡∏≤‡∏®‡∏±‡∏¢‡πÉ‡∏ô‡∏ö‡πâ‡∏≤‡∏ô‡πÅ‡∏ö‡∏ö‡∏ô‡∏µ‡πâ‡∏à‡∏∞‡πÑ‡∏î‡πâ‡∏£‡∏±‡∏ö‡πÇ‡∏ä‡∏Ñ‡∏•‡∏≤‡∏† ‡πÅ‡∏•‡∏∞‡∏û‡∏•‡∏±‡∏á‡∏ó‡∏µ‡πà‡∏î‡∏µ‡∏Ñ‡∏≠‡∏¢‡∏™‡πà‡∏á‡πÄ‡∏™‡∏£‡∏¥‡∏°‡∏≠‡∏¢‡∏π‡πà‡πÄ‡∏™‡∏°‡∏≠‡∏ó‡∏≥‡πÉ‡∏´‡πâ‡∏°‡∏µ‡πÅ‡∏ï‡πà‡∏Ñ‡∏ß‡∏≤‡∏°‡∏™‡∏∏‡∏Ç ‡∏Ñ‡∏ß‡∏≤‡∏°‡∏™‡∏°‡∏ö‡∏π‡∏£‡∏ì‡πå ‡πÄ‡∏Å‡∏¥‡∏î‡∏Ç‡∏∂‡πâ‡∏ô‡πÉ‡∏ô‡∏ö‡πâ‡∏≤‡∏ô
 

 # ‡∏•‡∏±‡∏Å‡∏©‡∏ì‡∏∞ ‡∏ó‡∏¥‡∏®‡∏Ç‡∏≠‡∏á‡∏ö‡πâ‡∏≤‡∏ô‡∏ó‡∏µ‡πà‡πÄ‡∏õ‡πá‡∏ô‡∏°‡∏á‡∏Ñ‡∏• #
 ‡∏ö‡πâ‡∏≤‡∏ô‡∏ó‡∏µ‡πà‡∏≠‡∏¢‡∏π‡πà‡πÅ‡∏•‡πâ‡∏ß‡πÄ‡∏õ‡πá‡∏ô‡∏°‡∏á‡∏Ñ‡∏•‡∏ï‡∏≤‡∏°‡∏´‡∏•‡∏±‡∏Å‡∏Æ‡∏ß‡∏á‡∏à‡∏∏‡πâ‡∏¢ ‡∏Ñ‡∏∑‡∏≠‡∏ö‡πâ‡∏≤‡∏ô‡∏ó‡∏µ‡πà‡∏ï‡∏±‡πâ‡∏á‡∏´‡∏±‡∏ô‡∏´‡∏ô‡πâ‡∏≤‡∏£‡∏±‡∏ö‡∏ó‡∏≤‡∏á‡∏ó‡∏¥‡∏®‡πÉ‡∏ï‡πâ‡∏ã‡∏∂‡πà‡∏á‡πÄ‡∏õ‡πá‡∏ô‡∏ó‡∏µ‡πà‡∏ß‡πà‡∏≤‡∏á ‡πÄ‡∏û‡∏£‡∏≤‡∏∞‡∏à‡∏∞‡∏°‡∏µ‡∏Å‡∏£‡∏∞‡πÅ‡∏™‡∏•‡∏°‡∏ó‡∏µ‡πà‡∏î‡∏µ‡∏û‡∏±‡∏î‡∏û‡∏≤‡πÅ‡∏ï‡πà‡∏û‡∏•‡∏±‡∏á‡∏≠‡∏±‡∏ô‡πÄ‡∏õ‡πá‡∏ô‡∏°‡∏á‡∏Ñ‡∏•‡πÄ‡∏Ç‡πâ‡∏≤‡∏™‡∏π‡πà‡∏ö‡πâ‡∏≤‡∏ô ‡∏™‡πà‡∏á‡∏ú‡∏•‡∏ó‡∏≥‡πÉ‡∏´‡πâ‡∏ú‡∏π‡πâ‡∏ó‡∏µ‡πà‡∏≠‡∏¢‡∏π‡πà‡∏≠‡∏≤‡∏®‡∏±‡∏¢‡πÑ‡∏î‡πâ‡∏£‡∏±‡∏ö‡πÇ‡∏ä‡∏Ñ‡∏•‡∏≤‡∏†‡πÅ‡∏•‡∏∞‡∏≠‡∏¢‡∏π‡πà‡∏≠‡∏≤‡∏®‡∏±‡∏¢‡∏≠‡∏¢‡πà‡∏≤‡∏á‡∏°‡∏µ‡∏Ñ‡∏ß‡∏≤‡∏°‡∏™‡∏∏‡∏Ç
 ‡πÄ‡∏ô‡∏∑‡πâ‡∏≠‡∏ó‡∏µ‡πà 30 ‡∏ï‡∏≤‡∏£‡∏≤‡∏á‡∏ß‡∏≤ ‡∏°‡∏µ‡∏™‡πà‡∏ß‡∏ô‡∏Ç‡∏¢‡∏≤‡∏¢‡∏î‡πâ‡∏≤‡∏ô‡∏Ç‡πâ‡∏≤‡∏á ‡∏û‡∏∑‡πâ‡∏ô‡∏ó‡∏µ‡πà‡πÉ‡∏ä‡πâ‡∏™‡∏≠‡∏¢160 ‡∏ï‡∏≤‡∏£‡∏≤‡∏á‡πÄ‡∏°‡∏ï‡∏£
 3 ‡∏´‡πâ‡∏≠‡∏á‡∏ô‡∏≠‡∏ô
 3 ‡∏´‡πâ‡∏≠‡∏á‡∏ô‡πâ‡∏≥
 3 ‡∏ó‡∏µ‡πà‡∏à‡∏≠‡∏î‡∏£‡∏ñ
 

 ‡∏£‡∏≤‡∏¢‡∏•‡∏∞‡πÄ‡∏≠‡∏µ‡∏¢‡∏î‡πÄ‡∏û‡∏¥‡πà‡∏°‡πÄ‡∏ï‡∏¥‡∏°..
 ‡∏´‡πâ‡∏≠‡∏á‡∏ô‡∏≠‡∏ô‡πÉ‡∏´‡∏ç‡πà‡∏≠‡∏¢‡∏π‡πà‡∏ä‡∏±‡πâ‡∏ô 2 ‡πÉ‡∏Å‡∏•‡πâ‡∏Ñ‡∏•‡∏±‡∏ö‡πÄ‡∏Æ‡πâ‡∏≤‡∏™‡πå ‡πÉ‡∏Å‡∏•‡πâ‡∏™‡∏ß‡∏ô‡∏´‡∏¢‡πà‡∏≠‡∏° ‡∏™‡∏ô‡∏≤‡∏°‡πÄ‡∏î‡πá‡∏Å‡πÄ‡∏•‡πà‡∏ô ‡πÄ‡∏î‡∏¥‡∏ô‡∏ó‡∏≤‡∏á‡∏™‡∏∞‡∏î‡∏ß‡∏Å ‡∏û‡∏£‡πâ‡∏≠‡∏°‡∏Ñ‡∏£‡∏±‡∏ß‡∏ö‡∏¥‡πâ‡∏ß‡∏≠‡∏¥‡∏ô ‡∏°‡∏µ‡∏´‡∏±‡∏ß‡πÄ‡∏ï‡∏≤‡πÅ‡∏Å‡πä‡∏™ ‡πÄ‡∏Ñ‡∏£‡∏∑‡πà‡∏≠‡∏á‡∏î‡∏π‡∏î‡∏Ñ‡∏ß‡∏±‡∏ô ‡∏¢‡∏µ‡πà‡∏´‡πâ‡∏≠ MEX
 - ‡∏Å‡∏±‡∏ô‡∏™‡∏≤‡∏î‡πÅ‡∏ö‡∏ö‡∏´‡∏°‡∏∏‡∏°‡∏ó‡∏µ‡πà‡∏à‡∏≠‡∏î‡∏£‡∏ñ‡∏´‡∏ô‡πâ‡∏≤‡∏ö‡πâ‡∏≤‡∏ô
 - ‡∏ï‡∏¥‡∏î‡∏ß‡∏≠‡∏•‡∏•‡πå‡πÄ‡∏õ‡πÄ‡∏õ‡∏≠‡∏£‡πå‡∏ó‡∏±‡πâ‡∏á‡∏´‡∏•‡∏±‡∏á
 - ‡∏û‡∏£‡πâ‡∏≠‡∏°‡∏°‡∏∏‡πâ‡∏á‡∏•‡∏ß‡∏î‡∏ó‡∏±‡πâ‡∏á‡∏´‡∏•‡∏±‡∏á
 - ‡∏ú‡πâ‡∏≤‡∏°‡πà‡∏≤‡∏ô‡∏ó‡∏±‡πâ‡∏á‡∏´‡∏•‡∏±‡∏á‡∏û‡∏£‡πâ‡∏≠‡∏°‡∏£‡∏≤‡∏á‡πÅ‡∏™‡∏ï‡∏ô‡πÄ‡∏•‡∏™
 - ‡πÅ‡∏≠‡∏£‡πå DAIKIN ‡∏ó‡∏±‡πâ‡∏á‡∏´‡∏•‡∏±‡∏á 4 ‡∏ï‡∏±‡∏ß
 - ‡∏â‡∏≤‡∏Å‡∏Å‡∏±‡πâ‡∏ô‡∏Å‡∏£‡∏∞‡∏à‡∏Å‡∏ô‡∏¥‡∏£‡∏†‡∏±‡∏¢‡∏´‡πâ‡∏≠‡∏á‡∏ô‡πâ‡∏≥ 2 ‡∏´‡πâ‡∏≠‡∏á
 - ‡∏õ‡∏π‡∏Å‡∏£‡∏∞‡πÄ‡∏ö‡∏∑‡πâ‡∏≠‡∏á ‡πÄ‡∏ï‡πá‡∏°‡∏û‡∏∑‡πâ‡∏ô‡∏ó‡∏µ‡πà‡∏´‡∏ô‡πâ‡∏≤‡∏ö‡πâ‡∏≤‡∏ô‡πÅ‡∏•‡∏∞‡∏´‡∏•‡∏±‡∏á‡∏ö‡πâ‡∏≤‡∏ô ‡∏™‡∏∞‡∏≠‡∏≤‡∏î‡∏î‡∏π‡πÅ‡∏•‡∏á‡πà‡∏≤‡∏¢
 

 # ‡∏™‡∏¥‡πà‡∏á‡∏≠‡∏≥‡∏ô‡∏ß‡∏¢‡∏Ñ‡∏ß‡∏≤‡∏°‡∏™‡∏∞‡∏î‡∏ß‡∏Å : ‡∏™‡∏ß‡∏ô‡∏™‡∏≤‡∏ò‡∏≤‡∏£‡∏ì‡∏∞‡πÅ‡∏•‡∏∞‡∏™‡∏ô‡∏≤‡∏°‡πÄ‡∏î‡πá‡∏Å‡πÄ‡∏•‡πà‡∏ô ‡∏™‡∏£‡∏∞‡∏ß‡πà‡∏≤‡∏¢‡∏ô‡πâ‡∏≥‡πÅ‡∏¢‡∏Å‡∏™‡∏£‡∏∞‡πÄ‡∏î‡πá‡∏Å-‡∏™‡∏£‡∏∞‡∏ú‡∏π‡πâ‡πÉ‡∏´‡∏ç‡πà ‡∏Ñ‡∏•‡∏±‡∏ö‡πÄ‡∏Æ‡πâ‡∏≤‡∏™‡πå‡∏û‡∏£‡πâ‡∏≠‡∏°‡∏´‡πâ‡∏≠‡∏á‡∏™‡∏°‡∏∏‡∏î ‡∏´‡πâ‡∏≠‡∏á‡∏≠‡∏≠‡∏Å‡∏Å‡∏≥‡∏•‡∏±‡∏á‡∏Å‡∏≤‡∏¢ Double gate ‡∏£‡∏∞‡∏ö‡∏ö CCTV ‡∏£‡∏≠‡∏ö‡πÇ‡∏Ñ‡∏£‡∏á‡∏Å‡∏≤‡∏£
 *‡∏´‡∏ô‡πâ‡∏≤‡πÇ‡∏Ñ‡∏£‡∏á‡∏Å‡∏≤‡∏£‡∏°‡∏µ ‡∏£‡πâ‡∏≤‡∏ô 7-11 ‡πÅ‡∏•‡∏∞‡∏£‡πâ‡∏≤‡∏ô‡∏≠‡∏≤‡∏´‡∏≤‡∏£
 

 #‡∏Å‡∏≤‡∏£‡πÄ‡∏î‡∏¥‡∏ô‡∏ó‡∏≤‡∏á#
 *‡πÄ‡∏Ç‡πâ‡∏≤‡∏≠‡∏≠‡∏Å‡πÑ‡∏î‡πâ‡∏´‡∏•‡∏≤‡∏¢‡∏ó‡∏≤‡∏á ‡∏ã‡∏≠‡∏¢‡∏£‡∏≤‡∏°39, ‡∏ã‡∏≠‡∏¢‡∏£‡∏≤‡∏°43/1 ‡∏ã‡∏≠‡∏¢‡∏£‡∏≤‡∏°53 ‡∏ã‡∏≠‡∏¢‡∏•‡∏≤‡∏î‡∏û‡∏£‡πâ‡∏≤‡∏ß112 ‡∏ã‡∏≠‡∏¢‡∏•‡∏≤‡∏î‡∏û‡∏£‡πâ‡∏≤‡∏ß94 ‡πÉ‡∏Å‡∏•‡πâ‡∏à‡∏∏‡∏î‡∏Ç‡∏∂‡πâ‡∏ô‡∏•‡∏á‡∏ó‡∏≤‡∏á‡∏î‡πà‡∏ß‡∏ô‡πÄ‡∏≠‡∏Å‡∏°‡∏±‡∏¢‡∏£‡∏≤‡∏°‡∏≠‡∏¥‡∏ô‡∏ó‡∏£‡∏≤ ‡πÉ‡∏Å‡∏•‡πâ‡∏ó‡πà‡∏≤‡πÄ‡∏£‡∏∑‡∏≠‡∏ß‡∏±‡∏î‡πÄ‡∏ó‡∏û‡∏•‡∏µ‡∏•‡∏≤ ‡πÅ‡∏≠‡∏£‡πå‡∏û‡∏≠‡∏£‡πå‡∏ï‡∏•‡∏¥‡πâ‡∏á-‡∏£‡∏≤‡∏°‡∏Ñ‡∏≥‡πÅ‡∏´‡∏á
 *‡∏™‡∏≤‡∏°‡∏≤‡∏£‡∏ñ‡πÄ‡∏ä‡∏∑‡πà‡∏≠‡∏°‡∏ï‡πà‡∏≠‡∏Å‡∏±‡∏ö‡∏ñ‡∏ô‡∏ô‡πÑ‡∏î‡πâ‡∏´‡∏•‡∏≤‡∏¢‡∏™‡∏≤‡∏¢ ‡∏ñ‡∏ô‡∏ô‡∏£‡∏≤‡∏°‡∏Ñ‡∏≥‡πÅ‡∏´‡∏á ‡∏ñ‡∏ô‡∏ô‡∏®‡∏£‡∏µ‡∏ß‡∏£‡∏≤ ‡πÉ‡∏Å‡∏•‡πâ‡∏ó‡∏≤‡∏ß‡∏ô‡πå‡∏≠‡∏¥‡∏ô‡∏ó‡∏≤‡∏ß‡∏ô‡πå ‡∏ñ‡∏ô‡∏ô‡∏û‡∏£‡∏∞‡∏£‡∏≤‡∏°9 ‡πÄ‡∏•‡∏µ‡∏¢‡∏ö‡∏ó‡∏≤‡∏á‡∏î‡πà‡∏ß‡∏ô‡πÄ‡∏≠‡∏Å‡∏°‡∏±‡∏¢-‡∏£‡∏≤‡∏°‡∏≠‡∏¥‡∏ô‡∏ó‡∏£‡∏≤ ‡∏ñ‡∏ô‡∏ô‡∏•‡∏≤‡∏î‡∏û‡∏£‡πâ‡∏≤‡∏ß ‡πÅ‡∏¢‡∏Å‡πÄ‡∏´‡∏°‡πà‡∏á‡∏à‡πã‡∏≤‡∏¢ ‡πÑ‡∏õ‡πÄ‡∏≠‡∏Å‡∏°‡∏±‡∏¢ ‡∏ó‡∏≠‡∏á‡∏´‡∏•‡πà‡∏≠ ‡∏™‡∏∏‡∏Ç‡∏∏‡∏°‡∏ß‡∏¥‡∏ó‡πÑ‡∏°‡πà‡∏Å‡∏µ‡πà‡∏ô‡∏≤‡∏ó‡∏µ
 

 #‡∏™‡∏ñ‡∏≤‡∏ô‡∏ó‡∏µ‡πà‡∏™‡∏≥‡∏Ñ‡∏±‡∏ç‡πÉ‡∏Å‡∏•‡πâ‡πÄ‡∏Ñ‡∏µ‡∏¢‡∏á#
 - ‡∏°.‡∏®‡∏£‡∏µ‡∏ß‡∏£‡∏≤ ‡∏ó‡∏≤‡∏ß‡∏ô‡πå‡∏≠‡∏¥‡∏ô‡∏ó‡∏≤‡∏ß‡∏ô‡πå ABAC
 - ‡∏°.‡∏£‡∏≤‡∏°‡∏Ñ‡∏≥‡πÅ‡∏´‡∏á
 - ‡∏£‡∏£.‡∏ö‡∏î‡∏¥‡∏ô‡∏ó‡∏£‡πå‡πÄ‡∏î‡∏ä‡∏≤
 - ‡∏£‡∏£.‡∏≠‡∏∏‡∏î‡∏°‡∏®‡∏∂‡∏Å‡∏©‡∏≤
 - ‡∏£‡∏£.‡∏™‡∏≤‡∏ò‡∏¥‡∏ï‡∏£‡∏≤‡∏°‡∏Ñ‡∏≥‡πÅ‡∏´‡∏á
 - Traill international school
 - ‡πÇ‡∏£‡∏á‡πÄ‡∏£‡∏µ‡∏¢‡∏ô‡∏ô‡∏≤‡∏ô‡∏≤‡∏ä‡∏≤‡∏ï‡∏¥ KIS
 - ‡∏£‡∏£.‡∏ô‡∏≤‡∏ô‡∏≤‡∏ä‡∏≤‡∏ï‡∏¥‡∏™‡∏¥‡∏á‡∏Ñ‡πÇ‡∏õ‡∏£‡πå
 - ‡∏£‡∏£.‡∏ô‡∏≤‡∏ô‡∏≤‡∏ä‡∏≤‡∏ï‡∏¥‡πÄ‡∏î‡∏≠‡∏∞‡∏£‡∏µ‡πÄ‡∏à‡πâ‡∏ô‡∏ó‡πå
 - ‡∏£‡∏£.‡∏ô‡∏≤‡∏ô‡∏≤‡∏ä‡∏≤‡∏ï‡∏¥‡∏ù‡∏£‡∏±‡πà‡∏á‡πÄ‡∏®‡∏™
 - ‡πÄ‡∏î‡∏≠‡∏∞‡πÑ‡∏ô‡∏ô‡πå
 - ‡πÄ‡∏î‡∏≠‡∏∞‡∏°‡∏≠‡∏•‡πå
 - ‡∏ï‡∏•‡∏≤‡∏î‡∏™‡∏î
 - ‡∏£‡∏û.‡∏Å‡∏£‡∏∏‡∏á‡πÄ‡∏ó‡∏û
 - ‡∏£‡∏û.‡∏û‡∏£‡∏∞‡∏£‡∏≤‡∏°9
 - ‡πÇ‡∏£‡∏á‡πÅ‡∏£‡∏°‡πÄ‡∏≠‡∏™‡∏ã‡∏µ‡∏õ‡∏≤‡∏£‡πå‡∏Ñ
 - ‡πÇ‡∏£‡∏á‡πÅ‡∏£‡∏°‡∏ó‡∏≤‡∏ß‡∏ô‡πå‡∏≠‡∏¥‡∏ô‡∏ó‡∏≤‡∏ß‡∏ô‡πå
 - The Mall
 - Big C Airport link
 - ‡πÉ‡∏Å‡∏•‡πâ‡∏ó‡∏≤‡∏ß‡∏ô‡πå‡∏≠‡∏¥‡∏ô‡∏ó‡∏≤‡∏ß‡∏ô‡πå
 

 ****‡∏£‡∏≤‡∏Ñ‡∏≤‡∏Ç‡∏≤‡∏¢ 8.5 ‡∏•‡πâ‡∏≤‡∏ô‡∏ö‡∏≤‡∏ó****
 ** ‡∏Ñ‡πà‡∏≤‡πÇ‡∏≠‡∏ô ‡∏Ñ‡∏ô‡∏•‡πà‡∏∞‡∏Ñ‡∏£‡∏∂‡πà‡∏á**
 

 ‡∏ó‡∏µ‡πà‡∏≠‡∏¢‡∏π‡πà 98/346 ‡∏´‡∏°‡∏π‡πà‡∏ö‡πâ‡∏≤‡∏ô ‡∏ö‡πâ‡∏≤‡∏ô‡∏Å‡∏•‡∏≤‡∏á‡πÄ‡∏°‡∏∑‡∏≠‡∏á ‡∏û‡∏£‡∏∞‡∏£‡∏≤‡∏°9 ‡∏£‡∏≤‡∏°‡∏Ñ‡∏≥‡πÅ‡∏´‡∏á 39
 ‡πÅ‡∏Ç‡∏ß‡∏á‡∏û‡∏•‡∏±‡∏ö‡∏û‡∏•‡∏≤ ‡πÄ‡∏Ç‡∏ï‡∏ß‡∏±‡∏á‡∏ó‡∏≠‡∏á‡∏´‡∏•‡∏≤‡∏á ‡∏Å‡∏ó‡∏° 10310
 

 ‡∏ö‡∏£‡∏¥‡∏´‡∏≤‡∏£‡∏Å‡∏≤‡∏£‡∏ï‡∏•‡∏≤‡∏î‡πÇ‡∏î‡∏¢ : ‡∏ö‡∏£‡∏¥‡∏©‡∏±‡∏ó‡∏°‡∏≤‡∏™‡πÄ‡∏ï‡∏≠‡∏£‡πå‡πÇ‡∏Æ‡∏° ‡∏û‡∏£‡πá‡∏≠‡∏û‡πÄ‡∏û‡∏≠‡∏£‡πå‡∏ï‡∏µ‡πâ ‡∏à‡∏≥‡∏Å‡∏±‡∏î
 ‡∏ï‡∏¥‡∏î‡∏ï‡πà‡∏≠ : ‡∏Ñ‡∏∏‡∏ì‡∏î‡∏≤‡∏ß 081 560 9177, 02 733 2424
 Line ID : Daosao",https://storage.googleapis.com/m8-prod.appspot.com/images_condo/06_06_2020_13_09_19_tn_‡∏û‡∏•‡∏±‡∏°‡πÅ‡∏à‡πâ‡∏á‡∏ß‡∏±‡∏í‡∏ô‡∏∞.jpg,,,,,,,,
23,The Avenue Condo,0,"1,250,000",0,1,23,17,TRUE,TRUE,‡∏Ñ‡∏≠‡∏ô‡πÇ‡∏î‡πÄ‡∏û‡∏∑‡πà‡∏≠‡∏Å‡∏≤‡∏£‡∏•‡∏á‡∏ó‡∏∏‡∏ô,"*‡∏Ç‡∏≤‡∏¢‡∏Ñ‡∏≠‡∏ô‡πÇ‡∏î‡∏î‡∏¥‡∏≠‡πÄ‡∏ß‡∏ô‡∏¥‡∏ß ‡πÄ‡∏ß‡∏ô‡∏¥‡∏™ ‡∏ï‡∏∂‡∏Å‡∏ã‡∏µ ‡∏ä‡∏±‡πâ‡∏ô8 22‡∏ï‡∏£.‡∏°. ‡∏≠.‡∏ö‡∏≤‡∏á‡πÄ‡∏™‡∏≤‡∏ò‡∏á ‡∏ã‡∏≠‡∏¢‡∏´‡∏°‡∏π‡πà‡∏ö‡πâ‡∏≤‡∏ô‡∏ö‡∏≤‡∏á‡∏ô‡∏≤‡∏Å‡∏≤‡∏£‡πå‡πÄ‡∏î‡πâ‡∏ô‡∏ó‡πå4
 - ‡∏ñ‡∏ô‡∏ô‡∏ö‡∏≤‡∏á‡∏ô‡∏≤-‡∏ï‡∏£‡∏≤‡∏î ‡∏à.‡∏™‡∏°‡∏∏‡∏ó‡∏£‡∏õ‡∏£‡∏≤‡∏Å‡∏≤‡∏£ ‡πÉ‡∏Å‡∏•‡πâ‡∏°.ABAC‡∏ö‡∏≤‡∏á‡∏ô‡∏≤ 1 ‡∏´‡πâ‡∏≠‡∏á‡∏ô‡∏≠‡∏ô 1 ‡∏´‡πâ‡∏≠‡∏á‡∏ô‡πâ‡∏≥ ‡∏ó‡∏µ‡πà‡∏à‡∏≠‡∏î‡∏£‡∏ñ 1 ‡∏Ñ‡∏±‡∏ô
 - ‡∏à‡∏∏‡∏î‡πÄ‡∏î‡πà‡∏ô‡∏û‡∏¥‡πÄ‡∏®‡∏© : ‡∏Ñ‡∏≠‡∏ô‡πÇ‡∏î‡∏´‡∏£‡∏π‡∏£‡∏¥‡∏°‡πÄ‡πÄ‡∏°‡πà‡∏ô‡πâ‡∏≥ ‡∏™‡πÑ‡∏ï‡∏•‡πå‡πÄ‡∏°‡∏∑‡∏≠‡∏á‡πÄ‡∏ß‡∏ô‡∏¥‡∏™ ‡∏î‡∏π‡πÇ‡∏î‡∏î‡πÄ‡∏î‡πà‡∏ô ‡∏≠‡∏¢‡πà‡∏≤‡∏á‡∏°‡∏µ‡∏£‡∏∞‡∏î‡∏±‡∏ö ‡∏Ñ‡∏≠‡∏ô‡πÇ‡∏î‡πÄ‡∏û‡∏∑‡πà‡∏≠‡∏Å‡∏≤‡∏£‡∏•‡∏á‡∏ó‡∏∏‡∏ô ‡∏ú‡∏•‡∏ï‡∏≠‡∏ö‡πÅ‡∏ó‡∏ô‡∏™‡∏π‡∏á ‡∏™‡πà‡∏á‡∏ï‡πà‡∏≠‡∏™‡∏¥‡πà‡∏á‡∏î‡∏µ‡πÜ‡∏°‡∏µ‡∏ú‡∏•‡∏Å‡∏≥‡πÑ‡∏£‡∏Å‡∏≤‡∏£‡∏±‡∏ô‡∏ï‡∏µ‡∏Ñ‡πà‡∏≤‡πÄ‡∏ä‡πà‡∏≤ 5,000 ‡∏ö‡∏≤‡∏ó ‡πÄ‡∏õ‡πá‡∏ô‡πÄ‡∏ß‡∏•‡∏≤‡∏£‡πà‡∏ß‡∏° 10 ‡∏õ‡∏µ
 - ‡∏ï‡∏≠‡∏ô‡∏ô‡∏µ‡πâ‡πÇ‡∏Ñ‡∏£‡∏á‡∏Å‡∏≤‡∏£‡∏à‡∏±‡∏ö‡∏°‡∏∑‡∏≠‡∏Å‡∏±‡∏ö‡∏ô‡∏±‡∏Å‡∏•‡∏á‡∏ó‡∏∏‡∏ô‡∏ó‡∏≥‡πÄ‡∏õ‡πá‡∏ô‡πÇ‡∏£‡∏á‡πÅ‡∏£‡∏°‡∏£‡∏∞‡∏î‡∏±‡∏ö 4 ‡∏î‡∏≤‡∏ß(Agoda rating)‡∏ä‡∏∑‡πà‡∏≠ the venese ‡∏ô‡∏±‡πâ‡∏ô‡∏´‡∏°‡∏≤‡∏¢‡∏Ñ‡∏ß‡∏≤‡∏°‡∏ß‡πà‡∏≤‡πÄ‡∏°‡∏∑‡πà‡∏≠‡∏´‡∏°‡∏î‡∏™‡∏±‡∏ç‡∏ç‡∏≤‡∏Å‡∏≤‡∏£‡∏±‡∏ô‡∏ï‡∏µ‡∏Ñ‡πà‡∏≤‡πÄ‡∏ä‡πà‡∏≤ ‡∏´‡∏•‡∏±‡∏á‡∏à‡∏≤‡∏Å‡∏Ñ‡∏£‡∏ö 10 ‡∏õ‡∏µ‡πÅ‡∏•‡πâ‡∏ß‡∏¢‡∏±‡∏á‡∏à‡∏∞‡∏Ñ‡∏á‡∏°‡∏µ‡∏£‡∏≤‡∏¢‡πÑ‡∏î‡πâ‡∏ï‡πà‡∏≠‡πÑ‡∏õ‡∏≠‡∏µ‡∏Å‡πÅ‡∏ô‡πà‡∏ô‡∏≠‡∏ô ‡∏Ñ‡∏∏‡πâ‡∏°‡∏¢‡∏¥‡πà‡∏á‡∏Å‡∏ß‡πà‡∏≤‡∏Ñ‡∏∏‡πâ‡∏° ‡πÄ‡∏´‡∏°‡∏≤‡∏∞‡∏Å‡∏±‡∏ö‡∏ô‡∏±‡∏Å‡∏•‡∏á‡∏ó‡∏∏‡∏ô ‡∏ó‡∏µ‡πà‡πÑ‡∏°‡πà‡∏ï‡πâ‡∏≠‡∏á‡∏Å‡∏≤‡∏£‡∏Ñ‡∏ß‡∏≤‡∏°‡πÄ‡∏™‡∏µ‡πà‡∏¢‡∏á
 - ‡∏™‡∏†‡∏≤‡∏û‡∏ó‡∏£‡∏±‡∏û‡∏¢‡πå‡∏™‡∏¥‡∏ô : ‡∏î‡∏µ‡∏°‡∏≤‡∏Å‡πÄ‡∏Ç‡πâ‡∏≤‡∏≠‡∏¢‡∏π‡πà‡πÑ‡∏î‡πâ‡πÄ‡∏•‡∏¢
 - ‡πÄ‡∏ü‡∏≠‡∏£‡πå‡∏ô‡∏¥‡πÄ‡∏à‡∏≠‡∏£‡πå : ‡πÅ‡∏≠‡∏£‡πå ‡πÇ‡∏ï‡πä‡∏∞‡πÄ‡∏Ñ‡∏£‡∏∑‡πà‡∏≠‡∏á‡πÅ‡∏õ‡πâ‡∏á ‡∏ï‡∏π‡πâ‡πÄ‡∏¢‡πá‡∏ô ‡πÄ‡∏Ñ‡∏£‡∏∑‡πà‡∏≠‡∏á‡∏ó‡∏≥‡∏ô‡πâ‡∏≥‡∏≠‡∏∏‡πà‡∏ô ‡πÄ‡∏ï‡∏µ‡∏¢‡∏á ‡∏ó‡∏µ‡πà‡∏ô‡∏≠‡∏ô
 - ‡∏™‡∏¥‡πà‡∏á‡∏≠‡∏≥‡∏ô‡∏ß‡∏¢‡∏Ñ‡∏ß‡∏≤‡∏°‡∏™‡∏∞‡∏î‡∏ß‡∏Å : ‡∏™‡πÇ‡∏°‡∏™‡∏£ ‡∏ó‡∏µ‡πà‡∏à‡∏≠‡∏î‡∏£‡∏ñ ‡∏Ñ‡∏µ‡∏¢‡πå‡∏Å‡∏≤‡∏£‡πå‡∏î ‡∏™‡∏£‡∏∞‡∏ß‡πà‡∏≤‡∏¢‡∏ô‡πâ‡∏≥
 

 ‡∏Å‡∏≤‡∏£‡πÄ‡∏î‡∏¥‡∏ô‡∏ó‡∏≤‡∏á : ‡∏ñ‡∏ô‡∏ô‡∏´‡∏•‡∏±‡∏Å‡πÉ‡∏ä‡πâ‡∏ñ‡∏ô‡∏ô‡∏ö‡∏≤‡∏á‡∏ô‡∏≤-‡∏ï‡∏£‡∏≤‡∏î
 

 ‡∏™‡∏ñ‡∏≤‡∏ô‡∏ó‡∏µ‡πà‡πÉ‡∏Å‡∏•‡πâ‡πÄ‡∏Ñ‡∏µ‡∏¢‡∏á :
 1. ‡πÄ‡∏ã‡πá‡∏ô‡∏ó‡∏£‡∏±‡∏• ‡∏û‡∏•‡∏≤‡∏ã‡πà‡∏≤ ‡∏ö‡∏≤‡∏á‡∏ô‡∏≤
 2. ‡πÄ‡∏Å‡∏µ‡∏¢‡∏£‡∏ï‡∏¥‡∏ò‡∏≤‡∏ô‡∏µ ‡∏Ñ‡∏±‡∏ô‡∏ó‡∏£‡∏µ ‡∏Ñ‡∏•‡∏±‡∏ö
 3. ‡πÑ‡∏ö‡πÄ‡∏ó‡∏Ñ ‡∏ö‡∏≤‡∏á‡∏ô‡∏≤
 4. ‡∏ó‡πà‡∏≤‡∏≠‡∏≤‡∏Å‡∏≤‡∏®‡∏¢‡∏≤‡∏ô‡∏™‡∏∏‡∏ß‡∏£‡∏£‡∏ì‡∏†‡∏π‡∏°‡∏¥
 5. ‡∏°‡∏´‡∏≤‡∏ß‡∏¥‡∏ó‡∏¢‡∏≤‡∏•‡∏±‡∏¢‡∏≠‡∏±‡∏™‡∏™‡∏±‡∏°‡∏ä‡∏±‡∏ç
 6. ‡∏ß‡∏¥‡∏ó‡∏¢‡∏≤‡πÄ‡∏Ç‡∏ï‡∏™‡∏∏‡∏ß‡∏£‡∏£‡∏ì‡∏†‡∏π‡∏°‡∏¥
 7. ‡∏ß‡∏±‡∏î‡∏ö‡∏≤‡∏á‡∏û‡∏•‡∏µ‡πÉ‡∏´‡∏ç‡πà
 8. ‡∏û‡∏£‡∏∞‡∏≠‡∏≤‡∏£‡∏≤‡∏°‡∏´‡∏•‡∏ß‡∏á
 

 ‡∏™‡∏ô‡πÉ‡∏à‡∏ï‡∏¥‡∏î‡∏ï‡πà‡∏≠‡∏™‡∏≠‡∏ö‡∏ñ‡∏≤‡∏° : ‡∏Ñ‡∏∏‡∏ì‡∏ó‡∏¥‡∏û‡∏ß‡∏±‡∏•‡∏¢‡πå(‡∏î‡∏≤‡∏ß) 081-5609177, 02-7332424-5",https://storage.googleapis.com/m8-prod.appspot.com/images_condo/03_06_2020_15_22_32_tn_Sunita.jpg,,,,,,,,
24,Baan Chom Dao,0,"1,350,000",0,1,38,24,TRUE,TRUE,‡∏ï‡πâ‡∏≠‡∏á‡∏Å‡∏≤‡∏£‡∏Ç‡∏≤‡∏¢‡∏î‡πà‡∏ß‡∏ô*** ‡∏Ñ‡∏≠‡∏ô‡πÇ‡∏î‡∏ö‡πâ‡∏≤‡∏ô‡∏ä‡∏°‡∏î‡∏≤‡∏ß ‡∏≠‡πà‡∏≠‡∏ô‡∏ô‡∏∏‡∏ä 21/1 ‡πÉ‡∏Å‡∏•‡πâ‡∏ö‡∏µ‡∏ó‡∏µ‡πÄ‡∏≠‡∏™‡∏≠‡πà‡∏≠‡∏ô‡∏ô‡∏∏‡∏ä ‡∏´‡πâ‡∏≠‡∏á‡∏™‡∏ß‡∏¢‡∏û‡∏£‡πâ‡∏≠‡∏°‡πÄ‡∏Ç‡πâ‡∏≤‡∏≠‡∏¢‡∏π‡πà,"***‡∏ï‡πâ‡∏≠‡∏á‡∏Å‡∏≤‡∏£‡∏Ç‡∏≤‡∏¢‡∏î‡πà‡∏ß‡∏ô*** ‡∏Ñ‡∏≠‡∏ô‡πÇ‡∏î‡∏ö‡πâ‡∏≤‡∏ô‡∏ä‡∏°‡∏î‡∏≤‡∏ß ‡∏≠‡πà‡∏≠‡∏ô‡∏ô‡∏∏‡∏ä 21/1 (English details below)
 ‡∏û‡∏∑‡πâ‡∏ô‡∏ó‡∏µ‡πà‡πÉ‡∏ä‡πâ‡∏™‡∏≠‡∏¢ : 35 ‡∏ï‡∏£.‡∏°.
 ‡∏´‡πâ‡∏≠‡∏á‡∏ô‡∏≠‡∏ô : 1 ‡∏´‡πâ‡∏≠‡∏á‡∏ô‡∏≠‡∏ô
 ‡∏´‡πâ‡∏≠‡∏á‡∏ô‡πâ‡∏≥ : 1 ‡∏´‡πâ‡∏≠‡∏á‡∏ô‡πâ‡∏≥
 ‡∏à‡∏≥‡∏ô‡∏ß‡∏ô‡∏ó‡∏µ‡πà‡∏à‡∏≠‡∏î‡∏£‡∏ñ : 1 ‡∏Ñ‡∏±‡∏ô
 ‡∏ß‡∏¥‡∏ß : ‡∏™‡∏£‡∏∞‡∏ô‡πâ‡∏≥ ‡∏à‡∏≠‡∏î‡∏£‡∏ñ 1 ‡∏Ñ‡∏±‡∏ô ,‡∏ó‡∏≥‡πÄ‡∏•‡∏î‡∏µ‡∏°‡∏≤‡∏Å ‡πÉ‡∏Å‡∏•‡πâ‡∏ö‡∏¥‡πä‡∏Å‡∏ã‡∏µ‡∏≠‡πà‡∏≠‡∏ô‡∏ô‡∏∏‡∏ä, ‡πÇ‡∏•‡∏ï‡∏±‡∏™‡∏≠‡πà‡∏≠‡∏ô‡∏ô‡∏∏‡∏ä, ‡πÄ‡∏ã‡πá‡∏ô‡∏à‡∏π‡∏£‡∏µ, ‡∏ö‡∏µ‡∏ó‡∏µ‡πÄ‡∏≠‡∏™‡∏≠‡πà‡∏≠‡∏ô‡∏ô‡∏∏‡∏ä, ‡∏°‡∏µ‡∏£‡∏ñ‡∏™‡∏≠‡∏á‡πÅ‡∏ñ‡∏ß‡∏ú‡πà‡∏≤‡∏ô‡∏ï‡∏•‡∏≠‡∏î ‡∏õ‡∏≤‡∏Å‡∏ã‡∏≠‡∏¢‡∏°‡∏µ‡∏ï‡∏•‡∏≤‡∏î‡∏ô‡∏±‡∏î‡∏ï‡∏≠‡∏ô‡πÄ‡∏¢‡πá‡∏ô ‡∏´‡∏≤‡∏Ç‡∏≠‡∏á‡∏Å‡∏¥‡∏ô‡∏á‡πà‡∏≤‡∏¢
 

 !!!‡∏≠‡∏¢‡πà‡∏≤‡∏£‡∏≠‡∏ä‡πâ‡∏≤!!!!!!!
 ‡∏≠‡πà‡∏≠‡∏ô‡∏ô‡∏∏‡∏ä 21/1 ‡∏û‡∏¥‡∏Å‡∏±‡∏î : https://goo.gl/maps/ixJotRibphPmTBvi8
 ===========================
 

 ‡πÄ‡∏™‡∏ô‡∏≠‡∏Ç‡∏≤‡∏¢ 1,350,000 - ‡∏•‡∏ö.
 ===========================
 

 ***‡∏ö‡∏£‡∏¥‡∏Å‡∏≤‡∏£‡∏™‡∏¥‡∏ô‡πÄ‡∏ä‡∏∑‡πà‡∏≠‡∏ó‡∏∏‡∏Å‡∏ò‡∏ô‡∏≤‡∏Ñ‡∏≤‡∏£***
 ‡∏™‡∏ô‡πÉ‡∏à‡∏ï‡∏¥‡∏î‡∏ï‡πà‡∏≠ : ‡∏î‡∏≤‡∏ß ‡πÇ‡∏ó‡∏£. 0815609177
 ***‡∏Å‡∏£‡∏∏‡∏ì‡∏≤‡∏ô‡∏±‡∏î‡∏•‡πà‡∏ß‡∏á‡∏´‡∏ô‡πâ‡∏≤‡πÉ‡∏ô‡∏Å‡∏≤‡∏£‡πÄ‡∏¢‡∏µ‡πà‡∏¢‡∏°‡∏ä‡∏° 1-2 ‡∏ß‡∏±‡∏ô‡∏ô‡∏∞‡∏Ñ‡∏∞***
 

 Very Good price close to BTS Onnut :
 ‚≠ê‚≠ê‚≠êBaan Chomdao Condo Onnut 21/1
 ‚úîÔ∏è 35 SQM. Bld. A Fl.3 Pool View
 ‚úîÔ∏è Fully Furnished
 ‚úîÔ∏è 1.35 MB.
 Very convenient to all department stores such as Big C Onnut, Lotus Onnut, Century, Local market and etc.
 Contact : Dao
 Tel. 0815609177
 LINE ID : daosao",https://storage.googleapis.com/m8-prod.appspot.com/images_condo/06_06_2020_22_27_56_tn_Piyanan.jpg,,,TRUE,,,,,
25,The Link Sukhumvit 50,"12,000",0,0,1,31,7,FALSE,TRUE,‡πÉ‡∏´‡πâ‡πÄ‡∏ä‡πà‡∏≤ ‡∏Ñ‡∏≠‡∏ô‡πÇ‡∏î The Link Sukhumvit 50 (‡πÄ‡∏î‡∏≠‡∏∞ ‡∏•‡∏¥‡∏á‡∏Ñ‡πå ‡∏™‡∏∏‡∏Ç‡∏∏‡∏°‡∏ß‡∏¥‡∏ó 50) ‡πÉ‡∏Å‡∏•‡πâ BTS ‡∏≠‡πà‡∏≠‡∏ô‡∏ô‡∏∏‡∏ä 250 ‡πÄ‡∏°‡∏ï‡∏£,"*‡πÉ‡∏´‡πâ‡πÄ‡∏ä‡πà‡∏≤ ‡∏Ñ‡∏≠‡∏ô‡πÇ‡∏î The Link Sukhumvit 50 (‡πÄ‡∏î‡∏≠‡∏∞ ‡∏•‡∏¥‡∏á‡∏Ñ‡πå ‡∏™‡∏∏‡∏Ç‡∏∏‡∏°‡∏ß‡∏¥‡∏ó 50) ‡πÉ‡∏Å‡∏•‡πâ BTS ‡∏≠‡πà‡∏≠‡∏ô‡∏ô‡∏∏‡∏ä 250 ‡πÄ‡∏°‡∏ï‡∏£
 - Studio ‡∏Ç‡∏ô‡∏≤‡∏î 33 ‡∏ï‡∏£‡∏°
 - üëâ ‡πÄ‡∏ü‡∏≠‡∏£‡πå‡∏ô‡∏¥‡πÄ‡∏à‡∏≠‡∏£‡πå‡πÅ‡∏•‡∏∞‡πÄ‡∏Ñ‡∏£‡∏∑‡πà‡∏≠‡∏á‡πÉ‡∏ä‡πâ‡πÑ‡∏ü‡∏ü‡πâ‡∏≤‡∏Ñ‡∏£‡∏ö
 - üöà ‡πÉ‡∏Å‡∏•‡πâ BTS ‡∏≠‡πà‡∏≠‡∏ô‡∏ô‡∏∏‡∏ä 250 ‡πÄ‡∏°‡∏ï‡∏£
 - üí≤ ‡∏£‡∏≤‡∏Ñ‡∏≤ 12,000 ‡∏ö‡∏≤‡∏ó/‡πÄ‡∏î‡∏∑‡∏≠‡∏ô (‡∏™‡∏±‡∏ç‡∏ç‡∏≤‡πÄ‡∏ä‡πà‡∏≤ 1 ‡∏õ‡∏µ)
 ‡πÄ‡∏Ñ‡∏£‡∏∑‡πà‡∏≠‡∏á‡πÉ‡∏ä‡πâ‡πÑ‡∏ü‡∏ü‡πâ‡∏≤‡∏†‡∏≤‡∏¢‡πÉ‡∏ô‡∏´‡πâ‡∏≠‡∏á :
 - ‡πÅ‡∏≠‡∏£‡πå
 - TV
 - ‡∏ï‡∏π‡πâ‡πÄ‡∏¢‡πá‡∏ô
 - ‡πÑ‡∏°‡πÇ‡∏Ñ‡∏£‡πÄ‡∏ß‡∏ü
 - ‡πÄ‡∏Ñ‡∏£‡∏∑‡πà‡∏≠‡∏á‡∏ó‡∏≥‡∏ô‡πâ‡∏≥‡∏≠‡∏∏‡πà‡∏ô
 

 The Link Sukhumvit 50 ‡πÄ‡∏î‡∏≠‡∏∞ ‡∏•‡∏¥‡πâ‡∏á‡∏Ñ‡πå 50 (BTS Onnut ‡∏≠‡πà‡∏≠‡∏ô‡∏ô‡∏∏‡∏ä) 250 m. to BTS Onnut 
 - Studio Type 
 - HOT DEAL 12,000 baht / month
 - Size : 33 SQ.M.
 - Floor : 7
 - Rental : 12,000 Baht/Month (1 year contract)
 - Fully Furnished
 

 For more Info please contact Tel : 081-560-9177 (Dao)
 Line : Daosao",https://storage.googleapis.com/m8-prod.appspot.com/images_condo/07_06_2020_12_49_51_tn_Jirawan.jpg,,TRUE,,,,TRUE,,
26,Elio Condo Sukhumvit 64,"10,000",0,0,1,34,17,TRUE,TRUE,"‡πÉ‡∏´‡πâ‡πÄ‡∏ä‡πà‡∏≤ Elio Sukhumvit 64 ‡πÉ‡∏Å‡∏•‡πâ BTS ‡∏õ‡∏∏‡∏ì‡∏ß‡∏¥‡∏ñ‡∏µ/‡∏≠‡∏∏‡∏î‡∏°‡∏™‡∏∏‡∏Ç Studio 30.45 ‡∏ï‡∏£.‡∏°. 10,000/‡πÄ‡∏î‡∏∑‡∏≠‡∏ô","**‡πÉ‡∏´‡πâ‡πÄ‡∏ä‡πà‡∏≤ Elio Sukhumvit 64 ‡πÉ‡∏Å‡∏•‡πâ BTS ‡∏õ‡∏∏‡∏ì‡∏ß‡∏¥‡∏ñ‡∏µ/‡∏≠‡∏∏‡∏î‡∏°‡∏™‡∏∏‡∏Ç Studio 30.45 ‡∏ï‡∏£.‡∏°. 10,000/‡πÄ‡∏î‡∏∑‡∏≠‡∏ô
 1. ‡∏™‡∏†‡∏≤‡∏û‡∏ó‡∏£‡∏±‡∏û‡∏¢‡πå‡∏™‡∏¥‡∏ô : ‡∏î‡∏µ‡∏°‡∏≤‡∏Å‡∏û‡∏£‡πâ‡∏≠‡∏°‡πÄ‡∏Ç‡πâ‡∏≤‡∏≠‡∏¢‡∏π‡πà‡πÑ‡∏î‡πâ‡πÄ‡∏•‡∏¢
 2. ‡πÄ‡∏ü‡∏≠‡∏£‡πå‡∏ô‡∏¥‡πÄ‡∏à‡∏≠‡∏£‡πå : ‡πÅ‡∏≠‡∏£‡πå 1 ‡πÄ‡∏Ñ‡∏£‡∏∑‡πà‡∏≠‡∏á, ‡∏ï‡∏π‡πâ‡πÄ‡∏¢‡πá‡∏ô, ‡πÄ‡∏ï‡∏µ‡∏¢‡∏á, ‡∏ó‡∏µ‡πà‡∏ô‡∏≠‡∏ô, ‡∏ï‡∏π‡πâ‡πÄ‡∏™‡∏∑‡πâ‡∏≠‡∏ú‡πâ‡∏≤
 3. ‡∏™‡∏¥‡πà‡∏á‡∏≠‡∏≥‡∏ô‡∏ß‡∏¢‡∏Ñ‡∏ß‡∏≤‡∏°‡∏™‡∏∞‡∏î‡∏ß‡∏Å :
 ‚Äì ‡∏™‡∏£‡∏∞‡∏ß‡πà‡∏≤‡∏¢‡∏ô‡πâ‡∏≥
 ‚Äì ‡∏ü‡∏¥‡∏ï‡πÄ‡∏ô‡∏™
 ‚Äì ‡∏ó‡∏µ‡πà‡∏à‡∏≠‡∏î‡∏£‡∏ñ
 ‚Äì ‡∏£‡πâ‡∏≤‡∏ô‡∏≠‡∏≤‡∏´‡∏≤‡∏£
 ‚Äì ‡∏Ñ‡∏µ‡∏¢‡πå‡∏Å‡∏≤‡∏£‡πå‡∏î
 ‚Äì ‡∏Å‡∏•‡πâ‡∏≠‡∏á‡∏ß‡∏á‡∏à‡∏£‡∏õ‡∏¥‡∏î
 ‚Äì ‡∏°‡∏¥‡∏ô‡∏¥‡∏°‡∏≤‡∏£‡πå‡∏ó
 ‚Äì ‡∏´‡πâ‡∏≠‡∏á‡∏≠‡πà‡∏≤‡∏ô‡∏´‡∏ô‡∏±‡∏á‡∏™‡∏∑‡∏≠
 ‚Äì Wi-Fi Internet ‡∏ö‡∏£‡∏¥‡πÄ‡∏ß‡∏ì Lobby
 ‚Äì ‡πÄ‡∏à‡πâ‡∏≤‡∏´‡∏ô‡πâ‡∏≤‡∏ó‡∏µ‡πà‡∏£‡∏±‡∏Å‡∏©‡∏≤‡∏Ñ‡∏ß‡∏≤‡∏°‡∏õ‡∏•‡∏≠‡∏î‡∏†‡∏±‡∏¢ ‡πÅ‡∏•‡∏∞ ‡∏Å‡∏•‡πâ‡∏≠‡∏á‡∏ß‡∏á‡∏à‡∏£‡∏õ‡∏¥‡∏î
 ‚Äì ‡∏õ‡∏£‡∏∞‡∏ï‡∏π Key Card ‡∏™‡πà‡∏ß‡∏ô‡∏Å‡∏•‡∏≤‡∏á‡∏°‡∏µ
 ‚Äì ‡∏£‡∏ñ‡∏ï‡∏π‡πâ‡∏£‡∏±‡∏ö‡∏™‡πà‡∏á BTS ‡∏õ‡∏∏‡∏ì‡∏ß‡∏¥‡∏ñ‡∏µ ‡∏ä‡πà‡∏ß‡∏á‡πÄ‡∏ä‡πâ‡∏≤‡πÅ‡∏•‡∏∞‡πÄ‡∏¢‡πá‡∏ô
 

 4. ‡∏à‡∏∏‡∏î‡πÄ‡∏î‡πà‡∏ô‡∏û‡∏¥‡πÄ‡∏®‡∏© : >> ‡∏Ñ‡∏≠‡∏ô‡πÇ‡∏î‡∏û‡∏£‡πâ‡∏≠‡∏°‡∏≠‡∏¢‡∏π‡πà ‡πÄ‡∏õ‡πá‡∏ô‡πÇ‡∏Ñ‡∏£‡∏á‡∏Å‡∏≤‡∏£‡πÉ‡∏´‡∏°‡πà‡∏•‡πà‡∏≤‡∏™‡∏∏‡∏î ‡∏Ç‡∏≠‡∏á‡∏≠‡∏ô‡∏±‡∏ô‡∏î‡∏≤ ‡πÉ‡∏ô‡∏ã‡∏≠‡∏¢‡∏™‡∏∏‡∏Ç‡∏∏‡∏°‡∏ß‡∏¥‡∏ó 64 ‡∏ó‡∏µ‡πà‡∏ó‡∏∞‡∏•‡∏∏‡πÄ‡∏ä‡∏∑‡πà‡∏≠‡∏°‡∏Å‡∏±‡∏ô‡∏Å‡∏±‡∏ö‡∏™‡∏∏‡∏Ç‡∏∏‡∏°‡∏ß‡∏¥‡∏ó 66/1 ‡∏ó‡∏≥‡πÉ‡∏´‡πâ‡πÑ‡∏î‡πâ‡πÉ‡∏ä‡πâ‡∏£‡∏ñ‡πÑ‡∏ü‡∏ü‡πâ‡∏≤ 2 ‡∏™‡∏ñ‡∏≤‡∏ô‡∏µ ‡∏Ñ‡∏∑‡∏≠ ‡∏™‡∏ñ‡∏≤‡∏ô‡∏µ‡∏õ‡∏∏‡∏ì‡∏ì‡∏ß‡∏¥‡∏ñ‡∏µ ‡πÅ‡∏•‡∏∞ ‡∏™‡∏ñ‡∏≤‡∏ô‡∏µ‡∏≠‡∏∏‡∏î‡∏°‡∏™‡∏∏‡∏Ç
 5. ‡∏Å‡∏≤‡∏£‡πÄ‡∏î‡∏¥‡∏ô‡∏ó‡∏≤‡∏á : ‡∏ñ‡∏ô‡∏ô‡∏´‡∏•‡∏±‡∏Å‡πÉ‡∏ä‡πâ‡∏ñ‡∏ô‡∏ô‡∏™‡∏∏‡∏Ç‡∏∏‡∏°‡∏ß‡∏¥‡∏ó64
 6. ‡∏™‡∏ñ‡∏≤‡∏ô‡∏ó‡∏µ‡πà‡πÉ‡∏Å‡∏•‡πâ‡πÄ‡∏Ñ‡∏µ‡∏¢‡∏á :
 - BTS ‡∏õ‡∏∏‡∏ì‡∏ì‡∏ß‡∏¥‡∏ñ‡∏µ ‡πÅ‡∏•‡∏∞ BTS ‡∏≠‡∏∏‡∏î‡∏°‡∏™‡∏∏‡∏Ç
 - Central ‡∏ö‡∏≤‡∏á‡∏ô‡∏≤
 - Mega Bangna
 - Bangkok Mall (‡∏ó‡∏µ‡πà‡∏à‡∏∞‡πÄ‡∏Å‡∏¥‡∏î‡πÄ‡∏£‡πá‡∏ß‡πÜ‡∏ô‡∏µ‡πâ)
 

 ‡∏™‡∏ô‡πÉ‡∏à‡∏ï‡∏¥‡∏î‡∏ï‡πà‡∏≠‡∏™‡∏≠‡∏ö‡∏ñ‡∏≤‡∏° : ‡∏Ñ‡∏∏‡∏ì‡∏ó‡∏¥‡∏û‡∏ß‡∏±‡∏•‡∏¢‡πå(‡∏î‡∏≤‡∏ß) 081-5609177, 02-7332424-5",https://storage.googleapis.com/m8-prod.appspot.com/images_condo/03_06_2020_15_47_38_tn_Sunita.jpg,,,TRUE,,,,,
27,Charn Issara City Home,"6,000","1,450,000",1,1,37,12,TRUE,FALSE,‡∏Ç‡∏≤‡∏¢/‡πÉ‡∏´‡πâ‡πÄ‡∏ä‡πà‡∏≤ ‡∏Ñ‡∏≠‡∏ô‡πÇ‡∏î‡πÉ‡∏Å‡∏•‡πâ‡∏™‡∏ñ‡∏≤‡∏ô‡∏µ‡∏ö‡∏≤‡∏á‡∏´‡∏ß‡πâ‡∏≤ ‡∏Ç‡∏ô‡∏≤‡∏î 1 ‡∏ô‡∏≠‡∏ô ‡∏û‡∏∑‡πâ‡∏ô‡∏ó‡∏µ‡πà 39 ‡∏ï‡∏£‡∏°. ‡∏•‡∏°‡πÄ‡∏¢‡πá‡∏ô‡∏™‡∏ö‡∏≤‡∏¢ ‡πÑ‡∏°‡πà‡∏°‡∏µ‡∏ï‡∏∂‡∏Å‡∏ö‡∏±‡∏á ‡∏ö‡∏£‡∏£‡∏¢‡∏≤‡∏Å‡∏≤‡∏®‡∏î‡∏µ ‡∏°‡∏µ‡∏£‡∏∞‡πÄ‡∏ö‡∏µ‡∏¢‡∏á ‡∏ï‡∏¥‡∏î‡∏õ‡πâ‡∏≤‡∏¢‡∏£‡∏ñ‡πÄ‡∏°‡∏•‡πå ‡πÄ‡∏î‡∏¥‡∏ô‡∏ó‡∏≤‡∏á‡∏™‡∏∞‡∏î‡∏ß‡∏Å,"‡πÄ‡∏Ç‡πâ‡∏≤‡πÄ‡∏°‡∏∑‡∏≠‡∏á ‡∏™‡∏µ‡∏•‡∏° ‡∏™‡∏≤‡∏ó‡∏£ ‡∏™‡∏¢‡∏≤‡∏°‡∏™‡∏∞‡∏î‡∏ß‡∏Å ‡∏≠‡∏¢‡∏π‡πà‡∏ï‡∏¥‡∏î‡∏ñ‡∏ô‡∏ô‡πÄ‡∏û‡∏ä‡∏£‡πÄ‡∏Å‡∏©‡∏° ‡πÉ‡∏Å‡∏•‡πâ‡∏ï‡∏•‡∏≤‡∏î‡∏ô‡∏±‡∏î ‡πÉ‡∏Å‡∏•‡πâ‡∏£‡πâ‡∏≤‡∏ô‡πÄ‡∏ã‡πÄ‡∏ß‡πà‡∏ô ‡πÉ‡∏Å‡∏•‡πâ‡∏∫BTS ‡∏ö‡∏≤‡∏á‡∏´‡∏ß‡πâ‡∏≤ ‡∏Ç‡∏ô‡∏≤‡∏î 1 ‡∏ô‡∏≠‡∏ô 1 ‡∏£‡∏±‡∏ö‡πÅ‡∏Ç‡∏Å 1 ‡∏Ñ‡∏£‡∏±‡∏ß 1‡∏ô‡πâ‡∏≥ ‡∏û‡∏∑‡πâ‡∏ô‡∏ó‡∏µ‡πà 39 ‡∏ï‡∏£‡∏°. ‡∏•‡∏°‡πÄ‡∏¢‡πá‡∏ô‡∏™‡∏ö‡∏≤‡∏¢ ‡πÑ‡∏°‡πà‡∏°‡∏µ‡∏ï‡∏∂‡∏Å‡∏ö‡∏±‡∏á ‡∏ö‡∏£‡∏£‡∏¢‡∏≤‡∏Å‡∏≤‡∏®‡∏î‡∏µ ‡∏°‡∏µ‡∏£‡∏∞‡πÄ‡∏ö‡∏µ‡∏¢‡∏á ‡∏ï‡∏¥‡∏î‡∏õ‡πâ‡∏≤‡∏¢‡∏£‡∏ñ‡πÄ‡∏°‡∏•‡πå ‡∏°‡∏µ‡∏£‡∏õ‡∏†.‡πÅ‡∏•‡∏∞ ‡∏Å‡∏•‡πâ‡∏≠‡∏á CCTV ‡∏õ‡∏•‡∏≠‡∏î‡∏†‡∏±‡∏¢ ‡πÄ‡∏ï‡∏µ‡∏¢‡∏á‡∏ô‡∏≠‡∏ô‡πÉ‡∏´‡∏ç‡πà 6 ‡∏ü‡∏∏‡∏ï ‡πÄ‡∏ü‡∏≠‡∏£‡πå‡∏Ñ‡∏£‡∏ö ‡πÄ‡∏ä‡πà‡∏ô‡πÇ‡∏ï‡πä‡∏∞‡∏≠‡∏≤‡∏´‡∏≤‡∏£ ,‡πÇ‡∏ã‡∏ü‡∏≤ ‡∏ó‡∏µ‡∏ß‡∏µ ‡∏ï‡∏π‡πâ‡πÄ‡∏¢‡πá‡∏ô,‡πÄ‡∏Ñ‡∏£‡∏∑‡πà‡∏≠‡∏á‡∏ó‡∏≥‡∏ô‡πâ‡∏≥‡∏≠‡∏∏‡πà‡∏ô ‡πÅ‡∏≠‡∏£‡πå 2 ‡∏ï‡∏±‡∏ß ‡∏£‡∏∞‡πÄ‡∏ö‡∏µ‡∏¢‡∏á‡∏ï‡∏≤‡∏Å‡∏ú‡πâ‡∏≤ ‡∏´‡∏¥‡πâ‡∏ß‡∏Å‡∏£‡∏∞‡πÄ‡∏õ‡πã‡∏≤‡πÄ‡∏Ç‡πâ‡∏≤‡∏≠‡∏¢‡∏π‡πà‡πÑ‡∏î‡πâ‡πÄ‡∏•‡∏¢ ‡∏ó‡∏µ‡πà‡∏™‡∏≥‡∏Ñ‡∏±‡∏ç‡∏°‡∏µ‡∏™‡∏£‡∏∞‡∏ß‡πà‡∏≤‡∏¢‡∏ô‡πâ‡∏≥ ‡∏ü‡∏¥‡∏ï‡πÄ‡∏ô‡∏™‡∏™‡∏≥‡∏´‡∏£‡∏±‡∏ö‡∏Ñ‡∏ô‡∏£‡∏±‡∏Å‡∏™‡∏∏‡∏Ç‡∏†‡∏≤‡∏û ‡∏≠‡∏≠‡∏Å‡∏Å‡∏≥‡∏•‡∏±‡∏á‡∏Å‡∏≤‡∏¢
 39 sqm. One bed room, one living room, Fully Furnished Build-in Furniture such as: KING size Bed 6‚Ä≥ T.V., Fridge Microwave, water heater , 1 Air conditioners dining table, sofa ,nice balcony etc. Fully furnished , ready to move in now.
 Condo Facilities:
 ‚Äì Swimming Pool, Fitness gym
 ‚Äì Key card access
 ‚Äì Security staff 24 hrs.
 ‚Äì Car park
 ‚Äì CCTV Camera
 ‚Äì Smoke Detector
 ‚Äì Bus stop in front of Condo,
 ‚Äì Easy access to Central Business District
 ‚Äì 5 minutes walk to BTS Skytrain Bangwa
 ‚Äì Near MRT Bangkae Station (under construction now)
 -Near Phetkasem Hospital , Phayathai 3 Hospital ,Siam University, Seacon Bangkae Shopping Center ,",https://storage.googleapis.com/m8-prod.appspot.com/images_condo/06_06_2020_12_13_50_tn_99.jpg,,,,,,,,
28,The Metropolis Samrong,"13,000",0,1,1,35,22,FALSE,TRUE,‡πÉ‡∏´‡πâ‡πÄ‡∏ä‡πà‡∏≤‡πÄ‡∏õ‡πá‡∏ô‡πÄ‡∏à‡πâ‡∏≤‡∏Ç‡∏≠‡∏á‡πÄ‡∏≠‡∏á,"‡πÄ‡∏ü‡∏≠‡∏£‡πå‡∏ô‡∏¥‡πÄ‡∏à‡∏≠‡∏£‡πå‡∏ï‡∏Å‡πÅ‡∏ï‡πà‡∏á‡∏Ñ‡∏£‡∏ö‡∏û‡∏£‡πâ‡∏≠‡∏°‡∏≠‡∏¢‡∏π‡πà
 ‡∏ï‡∏¥‡∏î‡∏™‡∏ñ‡∏≤‡∏ô‡∏µ‡∏£‡∏ñ‡πÑ‡∏ü‡∏ü‡πâ‡∏≤‡∏ö‡∏µ‡∏ó‡∏µ‡πÄ‡∏≠‡∏™‡πÅ‡∏•‡∏∞‡∏™‡∏ñ‡∏≤‡∏ô‡∏µ‡∏£‡∏ñ‡πÑ‡∏ü‡∏ü‡πâ‡∏≤‡πÉ‡∏ï‡πâ‡∏î‡∏¥‡∏ô
 ‡∏´‡πà‡∏≤‡∏á‡∏à‡∏≤‡∏Å‡∏´‡πâ‡∏≤‡∏á‡∏™‡∏£‡∏£‡∏û‡∏™‡∏¥‡∏ô‡∏Ñ‡πâ‡∏≤‡∏ö‡∏¥‡πä‡∏Å‡∏ã‡∏µ 50 ‡πÄ‡∏°‡∏ï‡∏£ ‡πÅ‡∏•‡∏∞‡∏´‡πà‡∏≤‡∏á‡∏à‡∏≤‡∏Å‡∏ñ‡∏ô‡∏ô‡∏ß‡∏á‡πÅ‡∏´‡∏ß‡∏ô‡∏≠‡∏∏‡∏ï‡∏™‡∏≤‡∏´‡∏Å‡∏£‡∏£‡∏°‡∏ï‡∏∞‡∏ß‡∏±‡∏ô‡∏≠‡∏≠‡∏Å‡πÄ‡∏û‡∏µ‡∏¢‡∏á 1 ‡∏Å‡∏°.",https://storage.googleapis.com/m8-prod.appspot.com/images_condo/04_06_2020_11_14_52_tn_Natakorn.jpg,,,,,,,,
29,WYNE by Sansiri,"14,000",0,1,,46,25,TRUE,TRUE,"‡πÉ‡∏´‡πâ‡πÄ‡∏ä‡πà‡∏≤‡∏Ñ‡∏≠‡∏ô‡πÇ‡∏î‡∏°‡∏¥‡πÄ‡∏ô‡∏µ‡∏¢‡∏° ‡πÇ‡∏Ñ‡∏£‡∏á‡∏Å‡∏≤‡∏£ ‡∏ß‡∏≤‡∏¢‡∏ô‡πå ‡∏™‡∏∏‡∏Ç‡∏∏‡∏°‡∏ß‡∏¥‡∏ó WYNE SUKHUMVIT
 ‡πÉ‡∏Å‡∏•‡πâ BTS ‡∏™‡∏ñ‡∏≤‡∏ô‡∏µ ‡∏û‡∏£‡∏∞‡πÇ‡∏Ç‡∏ô‡∏á ‡πÅ‡∏ñ‡∏°‚ÄºÔ∏è ‡πÄ‡∏ü‡∏≠‡∏£‡πå‡∏ô‡∏¥‡πÄ‡∏à‡∏≠‡∏£‡πå‡∏Ñ‡∏£‡∏ö ‡∏û‡∏£‡πâ‡∏≠‡∏°‡πÄ‡∏Ç‡πâ‡∏≤‡∏≠‡∏¢‡∏π‡πà‡πÑ‡∏î‡πâ‡πÄ‡∏•‡∏¢","‡πÉ‡∏Å‡∏•‡πâ BTS ‡∏™‡∏ñ‡∏≤‡∏ô‡∏µ ‡∏û‡∏£‡∏∞‡πÇ‡∏Ç‡∏ô‡∏á ‡∏£‡∏∞‡πÄ‡∏ö‡∏µ‡∏¢‡∏á‡∏´‡∏±‡∏ô‡∏´‡∏ô‡πâ‡∏≤‡∏ó‡∏¥‡∏®‡∏ï‡∏∞‡∏ß‡∏±‡∏ô‡∏≠‡∏≠‡∏Å‡πÄ‡∏â‡∏µ‡∏¢‡∏á‡πÄ‡∏´‡∏ô‡∏∑‡∏≠
 ‡πÅ‡∏ñ‡∏°‚ÄºÔ∏è ‡πÄ‡∏ü‡∏≠‡∏£‡πå‡∏ô‡∏¥‡πÄ‡∏à‡∏≠‡∏£‡πå‡∏Ñ‡∏£‡∏ö ‡∏û‡∏£‡πâ‡∏≠‡∏°‡πÄ‡∏Ç‡πâ‡∏≤‡∏≠‡∏¢‡∏π‡πà‡πÑ‡∏î‡πâ‡πÄ‡∏•‡∏¢ (Fully furnished and other accessories, just carry the bag to move in)",https://storage.googleapis.com/m8-prod.appspot.com/images_condo/06_06_2020_12_25_52_tn_99.jpg,,,,,,,,
30,JW Condo @Donmueang,"8,500",0,1,1,50,13,TRUE,TRUE,‡∏ß‡∏¥‡∏ß‡∏™‡∏ß‡∏ô‚Äã‡∏™‡∏á‡∏ö‚Äã ‡∏´‡πâ‡∏≠‡∏á‡∏°‡∏µ‡∏°‡πà‡∏≤‡∏ô‡∏ó‡∏∂‡∏ö‡∏™‡∏ß‡∏¢‚Äã ‡πÇ‡∏ã‡∏ü‡∏≤‡πÄ‡∏ö‡∏î‚Äã ‡∏£‡∏∞‡∏ö‡∏ö‡∏ù‡∏±‡∏Å‡∏ö‡∏±‡∏ß‡πÅ‡∏ö‡∏ö‡πÇ‡∏£‡∏á‡πÅ‡∏£‡∏°‚Äã,‡∏´‡πâ‡∏≠‡∏á‡∏°‡∏µ‡πÅ‡∏≠‡∏£‡πå‚Äã ‡∏û‡∏±‡∏î‚Äã‡∏•‡∏°‚Äã‡∏ó‡∏µ‡∏ß‡∏µ‚Äã‡πÑ‡∏°‡πÇ‡∏Ñ‡πÄ‡∏ß‡∏õ‚Äã ‡πÄ‡∏Ñ‡∏£‡πà‡∏∑‡∏≠‡∏á‡∏ó‡∏≥‡∏ô‡πâ‡∏≥‡∏£‡πâ‡∏≠‡∏ô‚Äã ‡πÄ‡∏Ñ‡∏∑‡∏≤‡∏≠‡∏á‡∏ã‡∏±‡∏Å‡∏ú‡πâ‡∏≤‡∏™‡πà‡∏ß‡∏ô‡∏ï‡∏±‡∏ß‚Äã,https://storage.googleapis.com/m8-prod.appspot.com/images_condo/08_06_2020_12_28_56_tn_‡∏ì‡∏±‡∏ê‡∏ä‡∏≤.jpg,,,,,TRUE,,,
31,JW Condo @Donmueang,"8,000",0,1,1,46,18,TRUE,TRUE,‡πÉ‡∏´‡πâ‡πÄ‡∏ä‡πà‡∏≤Jw‡∏Ñ‡∏≠‡∏ô‡πÇ‡∏î‡∏î‡∏≠‡∏ô‡πÄ‡∏°‡∏∑‡∏≠‡∏á‚Äã‚Äã‡πÉ‡∏Å‡πâ‡∏•‡∏™‡∏ô‡∏≤‡∏°‡∏ö‡∏¥‡∏ô‚Äã‡∏û‡∏£‡πâ‡∏≠‡∏°‡∏≠‡∏¢‡∏π‡πà‡πÉ‡∏Å‡πâ‡∏•7/11‡πÉ‡∏Å‡πâ‡∏•‡πÇ‡∏•‡∏ï‡∏±‡∏™‡πÉ‡∏Å‡πâ‡∏•‡∏£‡∏ñ‡πÑ‡∏ü‡∏ü‡πâ‡∏≤‡∏™‡∏µ‡πÅ‡∏î‡∏á,‡∏´‡πâ‡∏≠‡∏á‡∏´‡∏±‡∏ô‡∏≠‡∏≠‡∏Å‡∏†‡∏≤‡∏¢‡∏ô‡∏≠‡∏Å‡πÇ‡∏Ñ‡∏£‡∏á‡∏Å‡∏≤‡∏£‚Äã ‡πÄ‡∏ü‡∏≠‡∏£‡πå‡∏ô‡∏¥‡πÄ‡∏à‡∏≠‡∏£‡πå‡∏û‡∏£‡πâ‡∏≠‡∏°‚Äã ‡πÅ‡∏≠‡∏£‡πå‚Äã ‡∏ó‡∏µ‡∏ß‡∏µ‚Äã ‡∏ï‡∏π‡πâ‡πÄ‡∏¢‡πá‡∏ô‚Äã ‡πÑ‡∏°‡πÇ‡∏Ñ‡πÄ‡∏ß‡∏õ‚Äã‡πÄ‡∏Ñ‡∏£‡∏∑‡πà‡∏≠‡∏á‡∏ó‡∏≥‡∏ô‡πâ‡∏≥‡∏≠‡∏∏‡πà‡∏ô‚Äã ‡∏û‡∏±‡∏î‡∏•‡∏°‚Äã ‡πÄ‡∏î‡∏¥‡∏ô‡∏ó‡∏≤‡∏á‡∏™‡∏∞‡∏î‡∏ß‡∏Å‚Äã ‡πÉ‡∏Å‡πâ‡∏•‡πÅ‡∏´‡∏•‡πà‡∏á‡∏≠‡∏≤‡∏´‡∏≤‡∏£‡πÅ‡∏•‡∏∞‚Äã ‡∏Ñ‡∏•‡∏µ‡∏ô‡∏¥‡∏Ñ‚Äã ‡∏ï‡∏•‡∏≤‡∏î‚Äã 7/11‚Äã‡πÇ‡∏•‡∏ï‡∏±‡∏™‚Äã ‡∏ß‡∏¥‡∏ô‡∏°‡∏≠‡∏£‡πå‡πÑ‡∏ã‡∏ï‡πå,https://storage.googleapis.com/m8-prod.appspot.com/images_condo/04_06_2020_13_09_28_tn_99.jpg,,,,,TRUE,TRUE,,
32,‡∏•‡∏∏‡∏°‡∏û‡∏¥‡∏ô‡∏µ ‡∏û‡∏≤‡∏£‡πå‡∏Ñ‡∏ö‡∏µ‡∏ä ‡∏à‡∏≠‡∏°‡πÄ‡∏ó‡∏µ‡∏¢‡∏ô (Lumpini Park Beach Jomtien ),"8,000",0,1,1,32,19,TRUE,TRUE,"‡∏•‡∏∏‡∏°‡∏û‡∏¥‡∏ô‡∏µ ‡∏û‡∏≤‡∏£‡πå‡∏Ñ‡∏ö‡∏µ‡∏ä ‡∏à‡∏≠‡∏°‡πÄ‡∏ó‡∏µ‡∏¢‡∏ô ‡πÄ‡∏ä‡πà‡∏≤ 8,000/‡πÄ‡∏î‡∏∑‡∏≠‡∏ô 28.4 ‡∏ï‡∏£.‡∏°. ‡∏ä‡∏±‡πâ‡∏ô 18 ‡∏°‡∏µ ‡∏ï‡∏π‡πâ‡πÄ‡∏™‡∏∑‡πâ‡∏≠‡∏ú‡πâ‡∏≤ ‡πÄ‡∏ï‡∏µ‡∏¢‡∏á ‡∏ó‡∏µ‡πà‡∏ó‡∏≥‡∏ô‡πâ‡∏≥‡∏≠‡∏∏‡πà‡∏ô ‡∏ï‡∏π‡πâ‡πÄ‡∏¢‡πá‡∏ô ‡πÑ‡∏°‡πÇ‡∏Ñ‡∏£‡πÄ‡∏ß‡∏ü ‡πÇ‡∏ó‡∏£‡∏ó‡∏±‡∏®‡∏ô‡πå ‡∏™‡∏±‡∏ç‡∏ç‡∏≤‡πÄ‡∏ä‡πà‡∏≤ 6 ‡πÄ‡∏î‡∏∑‡∏≠‡∏ô","Lumpini Park beach is the best for relax. You can walk 1 Minute to the jomtien beach ,playing the sea water or you will swiming in the pool on 6th floor.This here have sauna,gym . We have free Wifi on 1st floor. The building have many security such as CCTV, keycard access.My room have a bed 5 feet for sleep 1-2 person.Owner(me) will take care /support for your trip.If you would like to tour around pattaya,I can support(Optional).You can ask more detail
  ‡∏Ñ‡∏≠‡∏ô‡πÇ‡∏î‡∏•‡∏∏‡∏°‡∏û‡∏¥‡∏ô‡∏µ ‡∏û‡∏≤‡∏Ñ‡πå‡∏ö‡∏µ‡∏ä 
 ‡∏≠‡∏¢‡∏π‡πà‡∏ï‡∏¥‡∏î‡∏´‡∏≤‡∏î‡∏à‡∏≠‡∏°‡πÄ‡∏ó‡∏µ‡∏¢‡∏ô ‡∏ó‡∏µ‡πà‡∏ô‡∏µ‡πà‡∏°‡∏µ‡∏™‡∏£‡∏∞‡∏ß‡πà‡∏≤‡∏¢‡∏ô‡πâ‡∏≥‡∏Ç‡∏ô‡∏≤‡∏î‡πÉ‡∏´‡∏ç‡πà ‡πÉ‡∏ä‡πâ‡∏Ñ‡∏µ‡∏Å‡∏≤‡∏£‡πå‡∏î ‡πÉ‡∏ô‡∏Å‡∏≤‡∏£‡πÄ‡∏Ç‡πâ‡∏≤‡∏≠‡∏≠‡∏Å ‡∏°‡∏µ‡∏¢‡∏¥‡∏° ‡∏ã‡∏≤‡∏ß‡∏ô‡πà‡∏≤ ‡∏´‡πâ‡∏≠‡∏á‡∏°‡∏µ‡∏Ç‡∏ô‡∏≤‡∏î 28 ‡∏ï‡∏≤‡∏£‡∏≤‡∏á‡πÄ‡∏°‡∏ï‡∏£ ‡∏ó‡∏µ‡πà‡∏ô‡∏≠‡∏ô 5 ‡∏ü‡∏∏‡∏ï ‡∏™‡∏≤‡∏°‡∏≤‡∏£‡∏ñ‡∏ô‡∏≠‡∏ô‡πÑ‡∏î‡πâ 2 ‡∏Ñ‡∏ô(‡∏ñ‡πâ‡∏≤‡∏Ç‡∏ô‡∏≤‡∏î‡∏Ñ‡∏ô‡πÑ‡∏°‡πà‡πÉ‡∏´‡∏ç‡πà‡∏°‡∏≤‡∏Å‡πÜ) ‡∏°‡∏µ wifi ‡πÉ‡∏´‡πâ‡πÄ‡∏•‡πà‡∏ô internet ‡∏ó‡∏µ‡πà‡∏ä‡∏±‡πâ‡∏ô‡∏•‡πà‡∏≤‡∏á ‡∏°‡∏µ‡∏ó‡∏µ‡πà‡∏à‡∏≠‡∏î‡∏£‡∏ñ‡∏°‡∏≤‡∏Å‡∏°‡∏≤‡∏¢",https://storage.googleapis.com/m8-prod.appspot.com/images_condo/03_06_2020_15_55_09_tn_Aof.jpg,,,,,,,,
33,Hive Sukhumvit 65,"18,000","4,000,000",1,1,46,20,FALSE,TRUE,‡∏´‡πâ‡∏≠‡∏á‡∏≠‡∏¢‡∏π‡πà‡∏ó‡∏µ‡πà‡∏ä‡∏±‡πâ‡∏ô 4 ‡∏†‡∏≤‡∏¢‡πÉ‡∏ô‡∏ã‡∏≠‡∏¢‡∏™‡∏∏‡∏Ç‡∏∏‡∏°‡∏ß‡∏¥‡∏ó 65 ‡∏´‡πâ‡∏≠‡∏á‡∏Ç‡∏ô‡∏≤‡∏î‡∏Å‡∏∞‡∏ó‡∏±‡∏î‡∏£‡∏±‡∏î ‡πÇ‡∏Ñ‡∏£‡∏á‡∏Å‡∏≤‡∏£‡∏°‡∏µ‡∏™‡∏¥‡πà‡∏á‡∏≠‡∏≥‡∏ô‡∏ß‡∏¢‡∏Ñ‡∏ß‡∏≤‡∏°‡∏™‡∏∞‡∏î‡∏ß‡∏Å‡∏°‡∏≤‡∏Å‡∏°‡∏≤‡∏¢ ‡πÄ‡∏ä‡πà‡∏ô ‡∏™‡∏£‡∏∞‡∏ß‡πà‡∏≤‡∏¢‡∏ô‡πâ‡∏≥,"‡πÇ‡∏Ñ‡∏£‡∏á‡∏Å‡∏≤‡∏£ Hive 65 ‡πÄ‡∏õ‡πá‡∏ô‡πÇ‡∏Ñ‡∏£‡∏á‡∏Å‡∏≤‡∏£‡∏ï‡∏∂‡∏Å 8 ‡∏ä‡∏±‡πâ‡∏ô ‡πÇ‡∏î‡∏¢‡∏´‡πâ‡∏≠‡∏á‡∏Ç‡∏≠‡∏á‡πÄ‡∏£‡∏≤‡∏ï‡∏±‡πâ‡∏á‡∏≠‡∏¢‡∏π‡πà‡∏ä‡∏±‡πâ‡∏ô 4 ‡∏î‡πâ‡∏ß‡∏¢‡∏Ç‡∏ô‡∏≤‡∏î‡πÇ‡∏Ñ‡∏£‡∏á‡∏Å‡∏≤‡∏£‡∏ó‡∏µ‡πà‡πÑ‡∏°‡πà‡πÉ‡∏´‡∏ç‡πà ‡∏ó‡∏≥‡πÉ‡∏´‡πâ‡∏Ñ‡∏ô‡πÑ‡∏°‡πà‡∏û‡∏•‡∏∏‡∏Å‡∏û‡∏•‡πà‡∏≤‡∏ô ‡∏™‡∏á‡∏ö
 ‡∏´‡πâ‡∏≠‡∏á‡πÄ‡∏õ‡πá‡∏ô‡∏´‡πâ‡∏≠‡∏á‡∏Ç‡∏ô‡∏≤‡∏î 40 ‡∏ï‡∏≤‡∏£‡∏≤‡∏á‡πÄ‡∏°‡∏ï‡∏£ ‡∏û‡∏£‡πâ‡∏≠‡∏°‡∏™‡∏¥‡πà‡∏á‡∏≠‡∏≥‡∏ô‡∏ß‡∏¢‡∏°‡∏≤‡∏Å‡∏°‡∏≤‡∏¢ ‡πÄ‡∏´‡∏°‡∏≤‡∏∞‡∏Å‡∏±‡∏ö‡∏´‡∏ô‡∏∏‡πà‡∏°‡∏™‡∏≤‡∏ß‡∏¢‡∏∏‡∏Ñ‡πÉ‡∏´‡∏°‡πà‡∏ó‡∏µ‡πà‡∏´‡πâ‡∏≠‡∏á‡∏Å‡∏≤‡∏£‡∏´‡πâ‡∏≠‡∏á‡∏Ç‡∏ô‡∏≤‡∏î‡∏Å‡∏∞‡∏ó‡∏±‡∏î‡∏£‡∏±‡∏î
 ‡∏ó‡∏µ‡πà‡∏™‡∏≥‡∏Ñ‡∏±‡∏ç‡πÇ‡∏Ñ‡∏£‡∏á‡∏Å‡∏≤‡∏£‡∏ô‡∏µ‡πâ‡∏°‡∏µ‡∏™‡∏£‡∏∞‡∏ß‡πà‡∏≤‡∏¢‡∏ô‡πà‡∏≥‡∏ö‡∏£‡∏¥‡∏Å‡∏≤‡∏£‡∏î‡πâ‡∏ß‡∏¢",https://storage.googleapis.com/m8-prod.appspot.com/images_condo/03_06_2020_15_31_28_tn_Sunita.jpg,,,,,TRUE,,,
34,Baan Piyabutr,"60,000",0,3,3,63,9,TRUE,TRUE,‡∏ö‡πâ‡∏≤‡∏ô‡∏õ‡∏¥‡∏¢‡∏ö‡∏∏‡∏ï‡∏£ ‡∏≠‡∏¢‡∏π‡πà‡∏ã‡∏≠‡∏¢‡∏™‡∏∏‡∏Ç‡∏∏‡∏°‡∏ß‡∏¥‡∏ó 26 ‡πÄ‡∏õ‡πá‡∏ô‡πÇ‡∏Ñ‡∏£‡∏á‡∏Å‡∏≤‡∏£‡∏ó‡∏µ‡πà‡πÉ‡∏´‡πâ‡∏´‡πâ‡∏≠‡∏á‡πÉ‡∏ô‡∏Ç‡∏ô‡∏≤‡∏î‡∏Å‡∏ß‡πâ‡∏≤‡∏á ‡πÉ‡∏ô‡∏£‡∏≤‡∏Ñ‡∏≤‡∏ó‡∏µ‡πà affordable ‡πÄ‡∏°‡∏∑‡πà‡∏≠‡πÄ‡∏ó‡∏µ‡∏¢‡∏ö‡∏Å‡∏±‡∏ö‡πÇ‡∏Ñ‡∏£‡∏á‡∏Å‡∏≤‡∏£‡∏≠‡∏∑‡πà‡∏ô‡πÉ‡∏ô‡∏ö‡∏£‡∏¥‡πÄ‡∏ß‡∏ì‡πÄ‡∏î‡∏µ‡∏¢‡∏ß‡∏Å‡∏±‡∏ô,"‡πÇ‡∏Ñ‡∏£‡∏á‡∏Å‡∏≤‡∏£‡∏ö‡πâ‡∏≤‡∏ô‡∏õ‡∏¥‡∏¢‡∏ö‡∏∏‡∏ï‡∏£ ‡∏ï‡∏±‡πâ‡∏á‡∏≠‡∏¢‡∏π‡πà‡πÉ‡∏ô‡∏ã‡∏≠‡∏¢‡∏™‡∏∏‡∏Ç‡∏∏‡∏°‡∏ß‡∏¥‡∏ó 26 ‡πÄ‡∏õ‡πá‡∏ô Apartment ‡∏Ç‡∏ô‡∏≤‡∏î 5 ‡∏ä‡∏±‡πâ‡∏ô ‡πÇ‡∏î‡∏¢‡∏ä‡∏±‡πâ‡∏ô‡∏ó‡∏µ‡πà‡∏ß‡πà‡∏≤‡∏á‡∏≠‡∏¢‡∏π‡πà‡∏ï‡∏≠‡∏ô‡∏ô‡∏µ‡πâ‡∏Ñ‡∏∑‡∏≠ ‡∏ä‡∏±‡πâ‡∏ô‡∏ö‡∏ô‡∏™‡∏∏‡∏î
 ‡∏ö‡∏£‡∏¥‡πÄ‡∏ß‡∏ì‡πÇ‡∏î‡∏¢‡∏£‡∏≠‡∏ö‡πÇ‡∏Ñ‡∏£‡∏á‡∏Å‡∏≤‡∏£‡∏£‡πà‡∏°‡∏£‡∏¥‡πà‡∏ô ‡∏™‡∏á‡∏ö ‡πÄ‡∏´‡∏°‡∏≤‡∏∞‡πÅ‡∏Å‡πà‡∏Å‡∏≤‡∏£‡∏≠‡∏¢‡∏π‡πà‡∏≠‡∏≤‡∏®‡∏±‡∏¢
 ‡πÇ‡∏î‡∏¢‡πÉ‡∏ô 1 ‡∏ä‡∏±‡πâ‡∏ô ‡∏à‡∏∞‡∏°‡∏µ‡πÄ‡∏û‡∏µ‡∏¢‡∏á 1 unit ‡πÑ‡∏°‡πà‡∏ï‡πâ‡∏≠‡∏á‡∏Å‡∏•‡∏±‡∏ß‡∏Å‡∏≤‡∏£‡∏£‡∏ö‡∏Å‡∏ß‡∏ô‡∏à‡∏≤‡∏Å‡∏´‡πâ‡∏≠‡∏á‡∏£‡∏≠‡∏ö‡∏Ç‡πâ‡∏≤‡∏á ‡∏†‡∏≤‡∏¢‡πÉ‡∏ô unit ‡∏Ç‡∏ô‡∏≤‡∏î‡∏Å‡∏ß‡πâ‡∏≤‡∏á‡∏ñ‡∏∂‡∏á 240 ‡∏ï‡∏≤‡∏£‡∏≤‡∏á‡πÄ‡∏°‡∏ï‡∏£ ‡∏õ‡∏£‡∏∞‡∏Å‡∏≠‡∏ö‡πÑ‡∏õ‡∏î‡πâ‡∏ß‡∏¢ 3 ‡∏´‡πâ‡∏≠‡∏á‡∏ô‡∏≠‡∏ô 3 ‡∏´‡πâ‡∏≠‡∏á‡∏ô‡πâ‡∏≥ 1 ‡∏´‡πâ‡∏≠‡∏á‡∏Ñ‡∏£‡∏±‡∏ß 1 ‡∏´‡πâ‡∏≠‡∏á‡∏ó‡∏≥‡∏á‡∏≤‡∏ô‡πÅ‡∏•‡∏∞‡∏ö‡∏£‡∏¥‡πÄ‡∏ß‡∏ì‡∏´‡πâ‡∏≠‡∏á‡∏ô‡∏±‡πà‡∏á‡πÄ‡∏•‡πà‡∏ô ‡∏û‡∏£‡πâ‡∏≠‡∏°‡∏Å‡∏≤‡∏£‡∏ï‡∏Å‡πÅ‡∏ï‡πà‡∏á ‡∏™‡∏≤‡∏°‡∏≤‡∏£‡∏ñ‡πÄ‡∏Ç‡πâ‡∏≤‡∏≠‡∏¢‡∏π‡πà‡πÑ‡∏î‡πâ‡πÄ‡∏•‡∏¢",https://storage.googleapis.com/m8-prod.appspot.com/images_condo/02_06_2020_21_36_03_tn_Kamolwan.jpg,,,,,TRUE,TRUE,,